TreatmentName,TreatmentNumber,SampleNumber,UniqueName,DateMOviposited,DateMMatured,DateMDiedOriginal,DateMDiedChanged,DateMDiedAdded,DateMFoundDead,DaysMAlive,DaysMAlive2020,DateFOviposited,DateFMatured,DateFDiedOriginal,DateFDiedChanged,DateFDiedAdded,DateFFoundDead,DaysFAlive,DaysFAlive2020,StartOfMatingPeriod,FirstOviposition,LastOviposition,PreOvipositionPeriod,OvipositionPeriod,PostOvipositionPeriod,LongevityNotes,LongevityNotes2,20-Apr,21-Apr,24-Apr,26-Apr,28-Apr,01-May,03-May,05-May,08-May,10-May,12-May,15-May,17-May,18-May,19-May,23-May,26-May,29-May,31-May,01-Jun,02-Jun,05-Jun,06-Jun,07-Jun,09-Jun,12-Jun,14-Jun,16-Jun,19-Jun,21-Jun,22-Jun,23-Jun,26-Jun,27-Jun,28-Jun,30-Jun,04-Jul,05-Jul,06-Jul,07-Jul,10-Jul,11-Jul,12-Jul,13-Jul,14-Jul,17-Jul,18-Jul,19-Jul,20-Jul,21-Jul,24-Jul,25-Jul,26-Jul,27-Jul,28-Jul,31-Jul,01-Aug,02-Aug,03-Aug,04-Aug,08-Aug,10-Aug,11-Aug,14-Aug,16-Aug,18-Aug,21-Aug,23-Aug,25-Aug,28-Aug,30-Aug,01-Sep,TotalEggs,FecundityNotes,FecundityNotes2,,
S,1,1,S1,11-Apr,19-Apr,06-08 May,05-May,06-May,08-May,17.5,19,11-Apr,19-Apr,26-Apr,26-Apr,26-Apr,26-Apr,7,7,19-Apr,00-Jan,00-Jan,-42844,0,42851,Specimen missing,0,0,0,0,0,0,0,0,0,0,,,,,,,,,,,,,,,,,,,,,,,,,,,,,,,,,,,,,,,,,,,,,,,,,,,,,,,,,,,,,,,,0,"Female died April 26, Male died May 5-8",0,,
S,1,2,S2,11-Apr,19-Apr,20-Apr,20-Apr,20-Apr,20-Apr,1,1,11-Apr,19-Apr,20-23-May,19-May,21-May,23-May,32,34,19-Apr,00-Jan,00-Jan,-42844,0,42878,Specimen missing,0,0,0,0,0,0,0,0,0,0,0,0,0,0,,0,0,,,,,,,,,,,,,,,,,,,,,,,,,,,,,,,,,,,,,,,,,,,,,,,,,,,,,,,,,0,M died April 20,0,,
S,1,3,S3,11-Apr,19-Apr,06-08 May,05-May,06-May,08-May,17.5,19,11-Apr,19-Apr,06-08 May,05-May,06-May,08-May,17.5,19,19-Apr,24-Apr,08-May,5,14,0,0,0,0,0,2,7,17,21,17,0,3,,,,,,,,,,,,,,,,,,,,,,,,,,,,,,,,,,,,,,,,,,,,,,,,,,,,,,,,,,,,,,,,67,"Both died May 5-8, April 28-May 1 2 popped",0,,
S,1,4,S4,11-Apr,19-Apr,03-May,03-May,03-May,03-May,14,14,11-Apr,19-Apr,03-May,03-May,03-May,03-May,14,14,19-Apr,24-Apr,03-May,5,9,0,No ephestia in container when found dead,0,0,0,9,8,16,17,1,,,,,,,,,,,,,,,,,,,,,,,,,,,,,,,,,,,,,,,,,,,,,,,,,,,,,,,,,,,,,,,,,,51,"Both died May 3, did not have food in container, April 28 - May 1 2 popped",0,,
S,1,5,S5,11-Apr,19-Apr,06-08 May,05-May,06-May,08-May,17.5,19,11-Apr,19-Apr,06-08 May,05-May,06-May,08-May,17.5,19,19-Apr,24-Apr,05-May,5,11,3,0,0,0,0,17,21,23,31,25,13,0,,,,,,,,,,,,,,,,,,,,,,,,,,,,,,,,,,,,,,,,,,,,,,,,,,,,,,,,,,,,,,,,130,Both died May 5-8,0,,
S,1,6,S6,11-Apr,20-Apr,06-08 May,05-May,06-May,08-May,16.5,18,11-Apr,20-Apr,06-08 May,05-May,06-May,08-May,16.5,18,20-Apr,26-Apr,03-May,6,7,5,0,0,,0,0,8,19,0,29,0,0,,,,,,,,,,,,,,,,,,,,,,,,,,,,,,,,,,,,,,,,,,,,,,,,,,,,,,,,,,,,,,,,56,"Both died between May 5-8, May 1-3 11 popped",0,,
S,1,7,S7,11-Apr,20-Apr,was male removed when female was squished?,was male removed when female was squished?,was male removed when female was squished?,was male removed when female was squished?,#VALUE!,#VALUE!,11-Apr,20-Apr,05-May,05-May,05-May,05-May,15,15,20-Apr,24-Apr,01-May,4,7,4,accidentally killed F; May 4 both deep inside bean,0,,0,2,13,14,39,0,0,0,,,,,,,,,,,,,,,,,,,,,,,,,,,,,,,,,,,,,,,,,,,,,,,,,,,,,,,,,,,,,,,,68,"F died May 5, April 28-May 3 10 popped",0,,
S,1,8,S8,11-Apr,20-Apr,06-08 May,05-May,06-May,08-May,16.5,18,11-Apr,20-Apr,10-May,10-May,10-May,10-May,20,20,20-Apr,26-Apr,08-May,6,12,2,0,0,,0,0,11,23,41,25,23,4,0,,,,,,,,,,,,,,,,,,,,,,,,,,,,,,,,,,,,,,,,,,,,,,,,,,,,,,,,,,,,,,,127,"M died May 5-8, F died May 10",0,,
S,1,9,S9,11-Apr,20-Apr,06-08 May,05-May,06-May,08-May,16.5,18,11-Apr,20-Apr,06-08 May,05-May,06-May,08-May,16.5,18,20-Apr,24-Apr,05-May,4,11,3,moved to new arena May 3 (eggs had hatched),0,,0,11,12,13,0,29,5,0,,,,,,,,,,,,,,,,,,,,,,,,,,,,,,,,,,,,,,,,,,,,,,,,,,,,,,,,,,,,,,,,70,Both died May 5-8,0,,
S,1,10,S10,18-Apr,27-Apr,06-08 May,05-May,06-May,08-May,9.5,11,18-Apr,28-Apr,06-08 May,05-May,06-May,08-May,8.5,10,28-Apr,05-May,08-May,7,3,0,0,0,,,,,0,0,0,6,3,,,,,,,,,,,,,,,,,,,,,,,,,,,,,,,,,,,,,,,,,,,,,,,,,,,,,,,,,,,,,,,,9,"Both died May 5-8, May 5-8 had 1 nymph",0,,
S,1,11,S11,18-Apr,28-Apr,06-08 May,05-May,06-May,08-May,8.5,10,18-Apr,28-Apr,01-May,01-May,01-May,01-May,3,3,28-Apr,00-Jan,00-Jan,-42853,0,42856,0,0,,,,,,0,0,0,0,,,,,,,,,,,,,,,,,,,,,,,,,,,,,,,,,,,,,,,,,,,,,,,,,,,,,,,,,,,,,,,,0,"Female died May 1, M died May 5-8",0,,
S,1,12,S12,18-Apr,27-Apr,05-May,05-May,05-May,05-May,8,8,18-Apr,27-Apr,06-08 May,05-May,06-May,08-May,9.5,11,27-Apr,01-May,05-May,4,4,3,0,0,,,,,,12,16,11,0,,,,,,,,,,,,,,,,,,,,,,,,,,,,,,,,,,,,,,,,,,,,,,,,,,,,,,,,,,,,,,,,39,"M died May 5, F died May 5-8, May 1-3 2 popped",0,,
S,1,13,S13,21-Apr,02-May,06-08 May,05-May,06-May,08-May,4.5,6,21-Apr,02-May,06-08 May,05-May,06-May,08-May,4.5,6,02-May,00-Jan,00-Jan,-42857,0,42863,0,0,,,,,,,0,0,0,,,,,,,,,,,,,,,,,,,,,,,,,,,,,,,,,,,,,,,,,,,,,,,,,,,,,,,,,,,,,,,,0,Both died May 5-8,0,,
S,1,14,S14,21-Apr,02-May,06-08 May,05-May,06-May,08-May,4.5,6,21-Apr,02-May,06-08 May,05-May,06-May,08-May,4.5,6,02-May,05-May,08-May,3,3,0,0,0,,,,,,,0,22,2,,,,,,,,,,,,,,,,,,,,,,,,,,,,,,,,,,,,,,,,,,,,,,,,,,,,,,,,,,,,,,,,24,Both died May 5-8,0,,
S,1,15,S15,21-Apr,02-May,06-08 May,05-May,06-May,08-May,4.5,6,21-Apr,02-May,20-23-May,19-May,21-May,23-May,19,21,02-May,08-May,12-May,6,4,11,0,0,,,,,,,0,0,13,8,1,0,0,,0,0,,,,,,,,,,,,,,,,,,,,,,,,,,,,,,,,,,,,,,,,,,,,,,,,,,,,,,,,,22,M died May 5-8,0,,
S,1,16,S16,21-Apr,02-May,06-08 May,05-May,06-May,08-May,4.5,6,21-Apr,02-May,06-08 May,05-May,06-May,08-May,4.5,6,02-May,08-May,08-May,6,0,0,0,0,,,,,,,0,0,12,,,,,,,,,,,,,,,,,,,,,,,,,,,,,,,,,,,,,,,,,,,,,,,,,,,,,,,,,,,,,,,,12,Both died May 5-8,0,,
S,1,17,S17,21-Apr,02-May,06-08 May,05-May,06-May,08-May,4.5,6,21-Apr,02-May,06-08 May,05-May,06-May,08-May,4.5,6,02-May,00-Jan,00-Jan,-42857,0,42863,0,0,,,,,,,0,0,0,,,,,,,,,,,,,,,,,,,,,,,,,,,,,,,,,,,,,,,,,,,,,,,,,,,,,,,,,,,,,,,,0,Both died May 5-8,0,,
S,1,18,S18,21-Apr,02-May,09-May,09-May,09-May,09-May,7,7,21-Apr,02-May,06-08 May,05-May,06-May,08-May,4.5,6,02-May,05-May,05-May,3,0,3,0,0,,,,,,,0,21,0,0,,,,,,,,,,,,,,,,,,,,,,,,,,,,,,,,,,,,,,,,,,,,,,,,,,,,,,,,,,,,,,,21,"F died May 5-8, M died may 9",0,,
S,1,19,S19,21-Apr,02-May,06-08 May,05-May,06-May,08-May,4.5,6,21-Apr,02-May,06-08 May,05-May,06-May,08-May,4.5,6,02-May,05-May,05-May,3,0,3,0,0,,,,,,,0,6,0,,,,,,,,,,,,,,,,,,,,,,,,,,,,,,,,,,,,,,,,,,,,,,,,,,,,,,,,,,,,,,,,6,Both died May 5-8,0,,
S,1,20,S20,21-Apr,02-May,10-May,10-May,10-May,10-May,8,8,21-Apr,02-May,06-08 May,05-May,06-May,08-May,4.5,6,02-May,00-Jan,00-Jan,-42857,0,42863,0,0,,,,,,,0,0,0,0,,,,,,,,,,,,,,,,,,,,,,,,,,,,,,,,,,,,,,,,,,,,,,,,,,,,,,,,,,,,,,,0,"F died May 5-8, M died May 10",0,,
S,1,21,S21,21-Apr,02-May,05-May,05-May,05-May,05-May,3,3,21-Apr,02-May,06-08 May,05-May,06-May,08-May,4.5,6,02-May,05-May,08-May,3,3,0,0,0,,,,,,,0,15,1,,,,,,,,,,,,,,,,,,,,,,,,,,,,,,,,,,,,,,,,,,,,,,,,,,,,,,,,,,,,,,,,16,"M died May 5, F died May 5-8",0,,
S,1,22,S22,21-Apr,03-May,MIA May 8,MIA May 8,MIA May 8,MIA May 8,#VALUE!,#VALUE!,21-Apr,02-May,11-May,11-May,11-May,11-May,9,9,03-May,05-May,10-May,2,5,1,"F stuck in tape when found dead; bean was more shrivelled than ""other 22"" (#26)",0,,,,,,,,19,13,12,0,,,,,,,,,,,,,,,,,,,,,,,,,,,,,,,,,,,,,,,,,,,,,,,,,,,,,,,,,,,,,,44,"M MIA May 8, F died from being stuck to tape on May 11",0,,
S,1,23,S23,21-Apr,03-May,06-08 May,05-May,06-May,08-May,3.5,5,21-Apr,03-May,06-08 May,05-May,06-May,08-May,3.5,5,03-May,05-May,08-May,2,3,0,0,0,,,,,,,,12,17,,,,,,,,,,,,,,,,,,,,,,,,,,,,,,,,,,,,,,,,,,,,,,,,,,,,,,,,,,,,,,,,29,Both died May 5-8,0,,
S,1,24,S24,21-Apr,05-May,20-23-May,19-May,21-May,23-May,16,18,21-Apr,05-May,13-15 May,12-May,13-May,15-May,8.5,10,05-May,08-May,15-May,3,7,0,0,"Replaced Date Matured from ""04-05 May"" to 05-May",,,,,,,,,2,4,17,1,0,,0,0,,,,,,,,,,,,,,,,,,,,,,,,,,,,,,,,,,,,,,,,,,,,,,,,,,,,,,,,,24,0,0,,
S,1,25,S25,21-Apr,?,11-May,11-May,11-May,11-May,#VALUE!,#VALUE!,21-Apr,?,3-5-Jun,02-Jun,03-Jun,05-Jun,#VALUE!,#VALUE!,00-Jan,05-May,17-May,42860,12,19,"female: eyes red, fresh; female slow but twitching Jun 2; trail was originally labelled #23, changed to #25, bean was more shrivelled than #23",0,,,,,,,,4,10,1,16,9,6,,0,0,0,0,0,,0,0,,,,,,,,,,,,,,,,,,,,,,,,,,,,,,,,,,,,,,,,,,,,,,,,,,,46,"M died May 11, May 5-8 eggs were inside bean, pair was originally labelled #23 but changed to #25",0,,
S,1,26,S26,21-Apr,?,13-15 May,12-May,13-May,15-May,#VALUE!,#VALUE!,21-Apr,?,12-May,12-May,12-May,12-May,#VALUE!,#VALUE!,00-Jan,08-May,08-May,42863,0,4,"trial was originally labelled #22, changed to #26",0,,,,,,,,0,16,0,0,0,,,,,,,,,,,,,,,,,,,,,,,,,,,,,,,,,,,,,,,,,,,,,,,,,,,,,,,,,,,,,16,"May 5-8 eggs were inside bean, pair was originally labelled #22 but changed to #26",0,,
S,1,27,S27,01-May,10-May,11-May,11-May,11-May,11-May,1,1,01-May,10-May,16-Jun,16-Jun,16-Jun,16-Jun,37,37,10-May,00-Jan,00-Jan,-42865,0,42902,"female: dark red eyes, shrivelled;",0,,,,,,,,,,,0,0,0,,0,0,0,0,0,,0,0,,0,0,0,0,0,,,,,,,,,,,,,,,,,,,,,,,,,,,,,,,,,,,,,,,,,,,,,0,0,0,,
S,1,28,S28,19-May,30-May,01-Jun,01-Jun,01-Jun,01-Jun,2,2,19-May,30-May,21-Jun,21-Jun,21-Jun,21-Jun,22,22,30-May,05-Jun,14-Jun,6,9,7,"female: dark red eyes, shrivelled",0,,,,,,,,,,,,,,,,,,,0,,0,12,,0,0,0,1,0,0,0,,,,,,,,,,,,,,,,,,,,,,,,,,,,,,,,,,,,,,,,,,,13,0,0,,
S,1,29,S29,19-May,30-May,01-Jun,01-Jun,01-Jun,01-Jun,2,2,19-May,30-May,MIA 1-Jun,MIA 1-Jun,MIA 1-Jun,MIA 1-Jun,#VALUE!,#VALUE!,30-May,00-Jan,00-Jan,-42885,0,#VALUE!,female escaped through lid,0,,,,,,,,,,,,,,,,,,,0,0,,,,,,,,,,,,,,,,,,,,,,,,,,,,,,,,,,,,,,,,,,,,,,,,,,,,,0,0,0,,
S,1,30,S30,19-May,30-May,23-Jun,23-Jun,23-Jun,23-Jun,24,24,19-May,30-May,01-Jun,01-Jun,01-Jun,01-Jun,2,2,30-May,00-Jan,00-Jan,-42885,0,42887,"female twitching May 31; male: red eyes, shrivelled-fresh",0,,,,,,,,,,,,,,,,,,,0,,0,0,,0,0,,,,,,,,,,,,,,,,,,,,,,,,,,,,,,,,,,,,,,,,,,,,,,,,0,0,0,,
S,1,31,S31,19-May,30-May,27-Jun,27-Jun,27-Jun,27-Jun,28,28,19-May,30-May,3-5-Jun,02-Jun,03-Jun,05-Jun,4.5,6,30-May,00-Jan,00-Jan,-42885,0,42891,"female: eyes red, shrivelled; male: very shrivelled, very dark red eyes",0,,,,,,,,,,,,,,,,,,,0,,0,0,,0,0,,,,,,,,,,,,,,,,,,,,,,,,,,,,,,,,,,,,,,,,,,,,,,,,0,0,0,,
S,1,32,S32,19-May,30-May,21-Jun,21-Jun,21-Jun,21-Jun,22,22,19-May,30-May,08-Jun,08-Jun,08-Jun,08-Jun,9,9,30-May,02-Jun,07-Jun,3,5,1,"female: dark red eyes, shrivelled; male: dark red eyes, shrivelled",0,,,,,,,,,,,,,,,,,,,0,,10,14,,11,0,,,,,,,,,,,,,,,,,,,,,,,,,,,,,,,,,,,,,,,,,,,,,,,,35,0,0,,
S,1,33,S33,19-May,30-May,06-Jul,06-Jul,06-Jul,06-Jul,37,37,19-May,30-May,22-Jun,22-Jun,22-Jun,22-Jun,23,23,30-May,05-Jun,21-Jun,6,16,1,"female: dark red eyes, shrivelled; male: black eyes, very shrivelled",0,,,,,,,,,,,,,,,,,,,0,,0,4,,8,14,31,11,19,24,3,,0,,,,,,,,,,,,,,,,,,,,,,,,,,,,,,,,,,,,,,,,,114,0,0,,
S,1,34,S34,19-May,31-May,MIA 1-Jun,MIA 1-Jun,MIA 1-Jun,MIA 1-Jun,#VALUE!,#VALUE!,19-May,31-May,16-Jun,16-Jun,16-Jun,16-Jun,16,16,31-May,05-Jun,09-Jun,5,4,7,"male escaped through lid; female: dark red eyes, shrivelled;",0,,,,,,,,,,,,,,,,,,,,,0,33,,15,8,0,0,0,,,,,,,,,,,,,,,,,,,,,,,,,,,,,,,,,,,,,,,,,,,,,56,0,0,,
S,1,35,S35,23-May,01-Jun,MIA 2-Jun,MIA 2-Jun,MIA 2-Jun,MIA 2-Jun,#VALUE!,#VALUE!,23-May,01-Jun,23-Jun,23-Jun,23-Jun,23-Jun,22,22,01-Jun,12-Jun,12-Jun,11,0,11,"female: red eyes, shrivelled-fresh",0,,,,,,,,,,,,,,,,,,,,,0,0,,0,0,1,0,0,0,0,,0,,,,,,,,,,,,,,,,,,,,,,,,,,,,,,,,,,,,,,,,,1,Jun 9-12 1 egg possibly fell from other bean,0,,
S,1,36,S36,23-May,01-Jun,02-Jun,02-Jun,02-Jun,02-Jun,1,1,23-May,01-Jun,24-26 Jun,23-Jun,24-Jun,26-Jun,23.5,25,01-Jun,05-Jun,26-Jun,4,21,0,"female: black eyes, fresh",0,,,,,,,,,,,,,,,,,,,,,0,12,,7,7,15,15,5,13,3,,9,7,,,,,,,,,,,,,,,,,,,,,,,,,,,,,,,,,,,,,,,,93,0,0,,
S,1,37,S37,23-May,01-Jun,07-Jun,07-Jun,07-Jun,07-Jun,6,6,23-May,01-Jun,MIA July 1-4,MIA July 1-4,MIA July 1-4,MIA July 1-4,#VALUE!,#VALUE!,01-Jun,07-Jun,30-Jun,6,23,#VALUE!,"male: eyes red, very shrivelled; female: MIA despite no hole in lid and not inside bean",0,,,,,,,,,,,,,,,,,,,,,0,0,,2,16,22,17,13,20,15,,12,15,,15,6,0,,,,,,,,,,,,,,,,,,,,,,,,,,,,,,,,,,,,153,0,0,,
S,1,38,S38,23-May,01-Jun,22-Jun,22-Jun,22-Jun,22-Jun,21,21,23-May,01-Jun,22-Jun,22-Jun,22-Jun,22-Jun,21,21,01-Jun,05-Jun,21-Jun,4,16,1,"male: dark red eyes, shrivelled-fresh; female: shrivelled, v. dark red eyes",0,,,,,,,,,,,,,,,,,,,,,0,10,,9,9,15,10,14,18,5,0,,,,,,,,,,,,,,,,,,,,,,,,,,,,,,,,,,,,,,,,,,90,0,0,,
S,1,39,S39,23-May,01-Jun,3-5-Jun,02-Jun,03-Jun,05-Jun,2.5,4,23-May,01-Jun,05-Jul,05-Jul,05-Jul,05-Jul,34,34,01-Jun,05-Jun,30-Jun,4,25,5,"male: eyes red, shrivelled; female: dark red eyes, fresh",0,,,,,,,,,,,,,,,,,,,,,0,7,,6,13,11,18,12,3,11,,6,0,,0,1,0,0,,,,,,,,,,,,,,,,,,,,,,,,,,,,,,,,,,,88,0,0,,
S,1,40,S40,23-May,01-Jun,3-5-Jun,02-Jun,03-Jun,05-Jun,2.5,4,23-May,01-Jun,24-26 Jun,23-Jun,24-Jun,26-Jun,23.5,25,01-Jun,05-Jun,23-Jun,4,18,3,"male: eyes dark red, very shrivelled; female: dark red eyes, very shrivelled",0,,,,,,,,,,,,,,,,,,,,,0,21,,15,19,32,24,20,26,8,,3,0,,,,,,,,,,,,,,,,,,,,,,,,,,,,,,,,,,,,,,,,168,Jun 2-5 bean had thrip nymph on it;,0,,
S,1,41,S41,23-May,01-Jun,3-5-Jun,02-Jun,03-Jun,05-Jun,2.5,4,23-May,01-Jun,3-5-Jun,02-Jun,03-Jun,05-Jun,2.5,4,01-Jun,00-Jan,00-Jan,-42887,0,42891,"male: eyes red, very shrivelled; female: eyes dark red, very shrivelled",0,,,,,,,,,,,,,,,,,,,,,0,0,,,,,,,,,,,,,,,,,,,,,,,,,,,,,,,,,,,,,,,,,,,,,,,,,,,0,0,0,,
W,2,1,W1,18-Apr,09-May,17-May,17-May,17-May,17-May,8,8,18-Apr,09-May,Jul 22-24,21-Jul,22-Jul,24-Jul,74.5,76,09-May,23-May,21-Jul,14,59,3,"female: black eyes, shrivelled",0,,,,,,,,,,0,0,0,0,,0,1,3,7,2,,0,3,,1,6,2,7,1,7,4,,3,5,,2,3,3,,,3,5,,1,,3,1,,0,,1,0,,,,,,,,,,,,,,,,,,,,,,74,0,0,,
W,2,2,W2,21-Apr,10-May,13-15-May,12-May,13-May,15-Jun,3.5,36,18-Apr,10-May,11-Jul,11-Jul,11-Jul,11-Jul,62,62,10-May,00-Jan,00-Jan,-42865,0,42927,"female: red eyes, fresh",0,,,,,,,,,,,0,0,0,,0,0,0,0,0,,0,0,,0,0,0,0,0,0,0,,0,0,,0,0,0,,,0,0,0,,,,,,,,,,,,,,,,,,,,,,,,,,,,,,,0,0,0,,
W,2,3,W3,21-Apr,10-May,21-Jul,21-Jul,21-Jul,21-Jul,72,72,21-Apr,10-May,14-Jul,14-Jul,14-Jul,14-Jul,65,65,10-May,00-Jan,00-Jan,-42865,0,42930,"male: dark red eyes, very shrivelled",0,,,,,,,,,,,0,0,0,,0,0,0,0,0,,0,0,,0,0,,0,0,0,0,,0,0,,0,0,0,,,0,0,,0,,0,,,,,,,,,,,,,,,,,,,,,,,,,,,,0,0,0,,
W,2,4,W4,21-Apr,10-May,07-Jul,07-Jul,07-Jul,07-Jul,58,58,18-Apr,10-May,19-May,19-May,19-May,19-May,9,9,10-May,00-Jan,00-Jan,-42865,0,42874,"male: red eyes, very shrivelled",0,,,,,,,,,,,0,0,0,,0,,,0,,,,0,,0,0,,,,,,,,,,,,,,,,,,,,,,,,,,,,,,,,,,,,,,,,,,,,,,,,0,0,0,,
W,2,5,W5,21-Apr,10-May,13-15-May,12-May,13-May,15-Jun,3.5,36,18-Apr,10-May,5-8 Aug,04-Aug,06-Aug,08-Aug,88,90,10-May,23-May,24-Jul,13,62,15,"female: dark red eyes, shrivelled-fresh",0,,,,,,,,,,,0,0,0,,0,4,5,5,4,,1,0,,3,0,4,5,3,8,4,,6,7,,1,0,6,,,5,0,,0,,8,0,,2,,0,1,,0,,0,0,,0,,0,0,,,,,,,,,,,,82,0,0,,
W,2,6,W6,21-Apr,10-May,13-Jun,13-Jun,13-Jun,13-Jun,34,34,18-Apr,10-May,3-5-Jun,02-Jun,03-Jun,05-Jun,24.5,26,10-May,07-Jun,07-Jun,28,0,-2,"F has molt stuck to back; female: eyes dark red, less shrivelled",0,,,,,,,,,,,0,0,0,,0,0,0,0,0,,0,0,,1,,,,,,,,,,,,,,,,,,,,,,,,,,,,,,,,,,,,,,,,,,,,,,,,,1,Jun 2-5 1 egg possibly fell off another bean;,0,,
W,2,7,W7,18-Apr,11-May,12-May,12-May,12-May,12-May,1,1,18-Apr,09-May,18-May,18-May,18-May,18-May,9,9,11-May,00-Jan,00-Jan,-42866,0,42873,male wings stuck on dish when dead (May 12),0,,,,,,,,,,,0,0,0,,,,,,,,,,,,,,,,,,,,,,,,,,,,,,,,,,,,,,,,,,,,,,,,,,,,,,,,,,,,0,Male Wings stich on dish when dead (May 12),0,,
W,2,8,W8,21-Apr,12-May,17-May,17-May,17-May,17-May,5,5,21-Apr,11-May,30-Jun,30-Jun,30-Jun,30-Jun,50,50,12-May,19-May,26-Jun,7,38,4,0,0,,,,,,,,,,,,0,0,0,10,2,0,6,0,,3,2,,2,3,0,1,4,2,2,,0,2,,0,0,,,,,,,,,,,,,,,,,,,,,,,,,,,,,,,,,,,,,39,0,0,,
W,2,9,W9,21-Apr,12-May,13-15-May,12-May,13-May,15-Jun,1.5,34,21-Apr,11-May,18-Jul,18-Jul,18-Jul,18-Jul,68,68,12-May,23-May,21-Jun,11,29,27,"female: black eyes, very shrivelled",0,,,,,,,,,,,,0,0,,0,19,20,19,8,,3,3,,6,11,11,4,6,0,1,,0,0,,0,0,0,,,0,0,,0,,0,0,0,,,,,,,,,,,,,,,,,,,,,,,,,,111,0,0,,
W,2,10,W10,21-Apr,12-May,13-15-May,12-May,13-May,15-Jun,1.5,34,21-Apr,12-May,Jul 29-31,28-Jul,29-Jul,31-Jul,78.5,80,12-May,26-May,28-Jul,14,63,3,"female: black eyes, fresh",0,,,,,,,,,,,,0,0,,0,0,3,0,9,,3,4,,2,8,5,7,3,6,10,,3,9,,5,5,0,,,11,6,,4,,5,6,,5,,5,1,,0,,1,0,,,,,,,,,,,,,,,,,126,0,0,,
W,2,11,W11,21-Apr,12-May,18-May,18-May,18-May,18-May,6,6,24-Apr,12-May,01-Aug,01-Aug,01-Aug,01-Aug,81,81,12-May,23-May,10-Jul,11,48,22,"female: black eyes, shrivelled",0,,,,,,,,,,,,0,0,,0,17,9,8,3,,0,9,,4,7,6,2,2,11,4,,4,11,,6,0,14,,,4,1,,0,,0,0,,0,,0,0,,0,,0,0,0,,,,,,,,,,,,,,,,122,0,0,,
W,2,12,W12,26-Apr,16-May,17-May,Squished 17-May,Squished 17-May,Squished 17-May,#VALUE!,#VALUE!,26-Apr,16-May,04-Aug,04-Aug,04-Aug,04-Aug,80,80,16-May,23-May,24-Jul,7,62,11,"Male squished to death; female: dark red eyes, shrivelled-fresh",0,,,,,,,,,,,,,0,,0,10,12,14,4,,0,5,,9,4,6,5,6,21,4,,11,5,,5,1,10,,,2,3,,0,,1,0,,0,,0,1,,0,,0,0,,0,,0,,,,,,,,,,,,,139,0,0,,
W,2,13,W13,24-Apr,16-May,Jul 29-31,28-Jul,29-Jul,31-Jul,74.5,76,24-Apr,16-May,12-14 Aug,11-Aug,12-Aug,14-Aug,88.5,90,16-May,23-May,24-Jul,7,62,21,"male: black eyes, very shrivelled; female: black eyes, very shrivelled",0,,,,,,,,,,,,,0,,0,10,9,2,0,,4,10,,4,10,9,6,5,6,9,,7,7,,4,0,9,,,4,3,,7,,1,0,,4,,1,4,,0,,0,0,,0,,0,0,,0,0,,,,,,,,,135,0,0,,
W,2,14,W14,24-Apr,16-May,20-Jul,20-Jul,20-Jul,20-Jul,65,65,24-Apr,16-May,10-Aug,10-Aug,10-Aug,10-Aug,86,86,16-May,07-Jun,24-Jul,22,47,17,"male: very shrivelled, black eyes; female: black eyes, shrivelled",0,,,,,,,,,,,,,0,,0,0,0,0,0,,0,0,,2,0,2,0,1,5,4,,3,3,,3,6,11,,,5,6,,4,,5,4,,3,,1,2,,0,,0,0,,0,,,0,0,,,,,,,,,,,70,0,0,,
W,2,15,W15,26-Apr,16-May,12-14 Aug,11-Aug,12-Aug,14-Aug,88.5,90,24-Apr,16-May,17-19 Jun,16-Jun,17-Jun,19-Jun,32.5,34,16-May,23-May,16-Jun,7,24,3,"female: dark red eyes, shrivelled; male: black eyes, shrivelled",0,,,,,,,,,,,,,0,,0,2,1,0,0,,0,5,,2,7,0,1,2,0,,,,,,,,,,,,,,,,,,,,,,,,,,,,,,,,,,,,,,,,,,,,20,0,0,,
W,2,16,W16,26-Apr,16-May,28-Jun,28-Jun,28-Jun,28-Jun,43,43,24-Apr,16-May,5-8 Aug,04-Aug,06-Aug,08-Aug,82,84,16-May,26-May,08-Aug,10,74,0,"male injured 28-Jun; male: very shrivelled, red eyes; female: dark red eyes, very shrivelled",0,,,,,,,,,,,,,0,,0,0,1,5,2,,1,8,,4,7,9,5,6,8,5,,2,13,,7,5,14,,,11,2,,7,,3,5,,0,,6,0,,0,,0,1,,2,,1,4,,,,,,,,,,,,144,0,0,,
W,2,17,W17,24-Apr,16-May,Jul 29-31,28-Jul,29-Jul,31-Jul,74.5,76,24-Apr,16-May,21-Jul,21-Jul,21-Jul,21-Jul,66,66,16-May,26-May,07-Jul,10,42,14,"female: black eyes, shrivelled; male: black eyes, very shrivelled",0,,,,,,,,,,,,,0,,0,0,7,14,3,,4,5,,3,2,0,6,8,17,12,,5,16,,8,7,15,,,3,0,,0,,0,0,,0,,0,,,,,,,,,,,,,,,,,,,,,,,135,0,0,,
W,2,18,W18,24-Apr,16-May,Jul 22-24,21-Jul,22-Jul,24-Jul,67.5,69,24-Apr,16-May,25-Jul,25-Jul,25-Jul,25-Jul,70,70,16-May,05-Jun,04-Jul,20,29,21,"male: black eyes, fresh; female: dark red eyes, shrivelled",0,,,,,,,,,,,,,0,,0,0,0,0,0,,0,4,,4,3,4,0,0,0,0,,0,0,,0,0,1,,,0,0,,0,,0,0,,0,,0,0,0,,,,,,,,,,,,,,,,,,,,,16,jun 30-Jul4 bean 1 egg possibly fell off another bean,0,,
W,2,19,W19,24-Apr,16-May,8-10 Jul,07-Jul,08-Jul,10-Jul,53.5,55,24-Apr,16-May,26-28 Aug,25-Aug,26-Aug,28-Aug,102.5,104,16-May,07-Jun,07-Jul,22,30,52,"male: dark red eyes, very shrivelled, female: dark red eyes, shrivelled",0,,,,,,,,,,,,,0,,0,0,0,0,0,,0,0,,1,0,0,0,0,0,0,,0,0,,0,0,1,,,1,0,,0,,0,0,,0,,0,0,,0,,0,0,,0,,0,0,,0,0,0,0,0,0,0,0,,,3,Jun 2-5 1 egg possibly fell off another bean;,0,,
W,2,20,W20,24-Apr,16-May,19-Jul,19-Jul,19-Jul,19-Jul,64,64,24-Apr,16-May,23-May,23-May,23-May,23-May,7,7,16-May,00-Jan,00-Jan,-42871,0,42878,"male: red eyes, fresh",0,,,,,,,,,,,,,0,,0,0,0,,0,,0,,,0,,,,,,,,,,,,,,,,,,,,,,,,,,,,,,,,,,,,,,,,,,,,,,,,,0,0,0,,
W,2,21,W21,24-Apr,17-May,16-19 Jun,16-Jun,17-Jun,19-Jun,31.5,33,24-Apr,17-May,27-Jul,27-Jul,27-Jul,27-Jul,71,71,17-May,23-May,10-Jul,6,48,17,"male: mabye June 17?; female: black eyes, shrivelled",0,,,,,,,,,,,,,,,0,1,9,8,8,,1,12,,5,2,10,0,4,6,5,,5,9,,0,4,0,,,1,1,,0,,0,0,,0,,0,0,,0,0,,,,,,,,,,,,,,,,,,,91,0,0,,
W,2,22,W22,26-Apr,17-May,5-8 Aug,04-Aug,06-Aug,08-Aug,81,83,24-Apr,17-May,14-Jul,14-Jul,14-Jul,14-Jul,58,58,17-May,26-May,10-Jul,9,45,4,"male: black eyes, very shrivelled",0,,,,,,,,,,,,,,,0,0,3,0,4,,2,2,,2,6,4,4,5,1,0,,1,1,,0,3,3,,,1,2,,0,,0,,,,,,,,,,,,,,,,,,,,,,,,,,,,44,0,0,,
W,2,23,W23,26-Apr,17-May,15-17 Jul,14-Jul,15-Jul,17-Jul,59.5,61,26-Apr,17-May,12-14 Aug,11-Aug,12-Aug,14-Aug,87.5,89,17-May,26-May,08-Aug,9,74,6,"male: shrivelled, dark red eyes; female: red eyes, fresh",0,,,,,,,,,,,,,,,0,0,11,1,0,,0,4,,0,2,1,7,3,7,6,,6,8,,5,4,12,,,7,11,,7,,0,3,,3,,5,6,,2,,4,8,,0,,0,1,,0,0,,,,,,,,,134,Aug 4-8 egg possibly fell from another bean,0,,
W,2,24,W24,26-Apr,17-May,23-May,23-May,23-May,23-May,6,6,26-Apr,17-May,5-8 Aug,04-Aug,06-Aug,08-Aug,81,83,17-May,00-Jan,00-Jan,-42872,0,42955,"female: black eyes, shrivelled-fresh",0,,,,,,,,,,,,,,,0,0,0,0,0,,0,0,,0,0,,0,0,0,0,,0,0,,0,0,0,,,0,0,,0,,0,0,,0,,0,0,,0,,0,0,,0,,0,0,,,,,,,,,,,,0,0,0,,
W,2,25,W25,24-Apr,17-May,16-19 Jun,16-Jun,17-Jun,19-Jun,31.5,33,24-Apr,17-May,Jul 22-24,21-Jul,22-Jul,24-Jul,66.5,68,17-May,29-May,30-Jun,12,32,24,"male: maybe June 18?; female: black eyes, shrivelled",0,,,,,,,,,,,,,,,0,0,0,6,3,,7,0,,8,6,11,7,10,3,11,,2,3,,1,1,0,,,0,0,,0,,0,0,,0,,0,0,,,,,,,,,,,,,,,,,,,,,,79,0,0,,
W,2,26,W26,26-Apr,17-May,03-Aug,03-Aug,03-Aug,03-Aug,78,78,26-Apr,17-May,5-8 Aug,04-Aug,06-Aug,08-Aug,81,83,17-May,23-May,14-Jul,6,52,25,"male: black eyes, shrivelled; female: black eyes, shrivelled",0,,,,,,,,,,,,,,,0,1,20,17,10,,5,20,,8,12,11,13,9,6,17,,0,11,,8,12,10,,,9,6,,2,,4,0,,0,,0,0,,0,,0,0,,0,,0,0,,,,,,,,,,,,211,0,0,,
W,2,27,W27,26-Apr,17-May,10-12 Jun,09-Jun,10-Jun,12-Jun,24.5,26,26-Apr,18-May,29-Jun,29-Jun,29-Jun,29-Jun,42,42,18-May,23-May,23-Jun,5,31,6,"male:dark red eyes, shrivelled; female: red eyes, very shrivelled",0,,,,,,,,,,,,,,,0,9,13,18,14,,7,16,,12,11,2,0,0,0,0,,1,0,,0,0,,,,,,,,,,,,,,,,,,,,,,,,,,,,,,,,,,,,,103,May 31 - June 2 bean was written on data sheet as #7 but corrected to #27; Jun 21-23 1 egg possibly fell from another bean,0,,
W,2,28,W28,24-Apr,18-May,03-Aug,03-Aug,03-Aug,03-Aug,77,77,24-Apr,18-May,15-17 Jul,14-Jul,15-Jul,17-Jul,58.5,60,18-May,26-May,07-Jul,8,42,10,"female: dark red eyes, shrivelled; male: black eyes, shrivelled-fresh",0,,,,,,,,,,,,,,,0,0,10,3,3,,3,6,,2,10,4,4,5,9,5,,2,0,,1,2,2,,,1,0,,0,,0,0,,,,,,,,,,,,,,,,,,,,,,,,,,,72,0,0,,
W,2,29,W29,26-Apr,18-May,Jul 22-24,21-Jul,22-Jul,24-Jul,65.5,67,26-Apr,18-May,Jul 22-24,21-Jul,22-Jul,24-Jul,65.5,67,18-May,26-May,17-Jul,8,52,7,"female: red eyes, shrivelled; male: red eyes, fresh",0,,,,,,,,,,,,,,,0,0,3,2,2,,2,0,,3,2,8,3,4,8,0,,0,13,,4,2,6,,,7,0,,0,,2,7,,0,,0,0,,,,,,,,,,,,,,,,,,,,,,78,0,0,,
W,2,30,W30,24-Apr,18-May,24-May,24-May,24-May,24-May,6,6,24-Apr,18-May,21-Jul,21-Jul,21-Jul,21-Jul,64,64,18-May,26-May,17-Jul,8,52,4,"female: dark red eyes, fresh",0,,,,,,,,,,,,,,,0,0,10,8,2,,9,9,,1,12,10,7,7,9,8,,7,10,,6,6,10,,,0,4,,1,,3,2,,0,,0,,,,,,,,,,,,,,,,,,,,,,,141,0,0,,
W,2,31,W31,24-Apr,18-May,24-May,24-May,24-May,24-May,6,6,24-Apr,18-May,05-Sep,05-Sep,05-Sep,05-Sep,110,110,18-May,26-May,08-Aug,8,74,28,0,0,,,,,,,,,,,,,,,0,0,1,0,0,,0,5,,0,0,4,5,6,8,1,,6,4,,4,2,10,,,9,2,,5,,3,5,,2,,0,4,,2,,1,2,,0,,0,5,,0,0,0,0,0,0,0,0,0,0,96,Aug 4-8 1 egg looked like it was upside down in the bean,0,,
W,2,32,W32,24-Apr,16-May,5-8 Aug,04-Aug,06-Aug,08-Aug,82,84,24-Apr,18-May,10-12 Jun,09-Jun,10-Jun,12-Jun,23.5,25,18-May,26-May,12-Jun,8,17,0,"female: dark red eyes, shrivelled; male: dark red eyes, very shrivelled",0,,,,,,,,,,,,,,,0,0,9,13,6,,7,12,,1,11,1,,,,,,,,,,,,,,,,,,,,,,,,,,,,,,,,,,,,,,,,,,,,,,,60,0,0,,
W,2,33,W33,24-Apr,16-May,04-Aug,04-Aug,04-Aug,04-Aug,80,80,24-Apr,18-May,06-Jun,06-Jun,06-Jun,06-Jun,19,19,18-May,26-May,29-May,8,3,8,"male: black eyes, shrivelled",0,,,,,,,,,,,,,,,0,0,1,2,0,,0,0,,0,0,,,,,,,,,,,,,,,,,,,,,,,,,,,,,,,,,,,,,,,,,,,,,,,,3,0,0,,
W,2,34,W34,24-Apr,16-May,25-Jul,25-Jul,25-Jul,25-Jul,70,70,24-Apr,18-May,21-Jul,21-Jul,21-Jul,21-Jul,64,64,18-May,09-Jun,12-Jul,22,33,9,"female:red eyes, fresh; male: dark red eyes, very shrivelled",0,,,,,,,,,,,,,,,0,0,0,0,0,,0,0,,0,4,3,6,3,3,3,,3,8,,1,5,11,,,6,5,,4,,0,0,,0,,0,,,,,,,,,,,,,,,,,,,,,,,65,0,0,,
W,2,35,W35,26-Apr,18-May,01-Aug,01-Aug,01-Aug,01-Aug,75,75,24-Apr,18-May,27-29-May,26-May,27-May,29-May,9.5,11,18-May,23-May,23-May,5,0,6,"male: black eyes, very shrivelled",0,,,,,,,,,,,,,,,0,1,0,0,0,,0,0,,0,0,,,,,,,,,,,,,,,,,,,,,,,,,,,,0,,,,,,,,,,,,,,,,,,,,1,0,0,,
W,2,36,W36,28-Apr,18-May,19-21 Aug,18-Aug,19-Aug,21-Aug,93.5,95,24-Apr,18-May,25-Jul,25-Jul,25-Jul,25-Jul,68,68,18-May,26-May,19-Jul,8,54,6,"female: dark red eyes, shrivelled, damaged during handling after dead because it was stuck to the container; male: black eyes, shrivelled",0,,,,,,,,,,,,,,,0,0,7,3,6,,2,13,,4,11,11,8,6,9,6,,2,13,,6,6,9,,,8,5,,2,,1,1,,2,,0,0,,,,,,,,,,,,,,,,,,,,,,141,0,0,,
W,2,37,W37,24-Apr,18-May,15-17 Jul,14-Jul,15-Jul,17-Jul,58.5,60,24-Apr,18-May,1-4 Jul,30-Jun,02-Jul,04-Jul,45,47,18-May,26-May,04-Jul,8,39,0,"female: fresh, dark red eyes; male: very shrivelled, black eyes",0,,,,,,,,,,,,,,,0,0,3,2,1,,2,6,,2,1,1,3,3,2,2,,0,2,,1,0,1,,,0,0,,,,,,,,,,,,,,,,,,,,,,,,,,,,,,,,32,0,0,,
W,2,38,W38,24-Apr,18-May,23-May,23-May,23-May,23-May,5,5,24-Apr,18-May,16-19 Jun,16-Jun,17-Jun,19-Jun,30.5,32,18-May,29-May,19-Jun,11,21,0,female: maybe June 17?,0,,,,,,,,,,,,,,,,0,0,1,3,,0,0,,1,1,0,3,0,3,,,,,,,,,,,,,,,,,,,,,,,,0,,,,,,,,,,,,,,,,,,,,12,0,0,,
W,2,39,W39,24-Apr,18-May,5-8 Aug,04-Aug,06-Aug,08-Aug,80,82,24-Apr,18-May,02-Aug,02-Aug,02-Aug,02-Aug,76,76,18-May,29-May,19-Jul,11,51,14,"female: black eyes, shrivelled-fresh; male: black eyes, very shrivelled",0,,,,,,,,,,,,,,,0,0,0,5,0,,0,0,,0,0,8,0,9,1,4,,0,3,,0,0,1,,,0,0,,0,,0,0,,2,,0,0,,,,0,0,,0,,,,,,,,,,,,,,,33,0,0,,
W,2,40,W40,24-Apr,18-May,12-14 Aug,11-Aug,12-Aug,14-Aug,86.5,88,24-Apr,18-May,26-May,26-May,26-May,26-May,8,8,18-May,00-Jan,00-Jan,-42873,0,42881,"male: dark red eyes, very shrivelled",0,,,,,,,,,,,,,,,0,0,0,0,,,0,0,,0,,,,,,,,,,,,,,,,,,,,,,,,,,,,,,,,,,,,,,,,,,,,,,,,,0,0,0,,
HPS,3,1,HPS1,11-Apr,28-Apr,01-May,01-May,01-May,01-May,3,3,11-Apr,28-Apr,19-21 Aug,18-Aug,19-Aug,21-Aug,113.5,115,28-Apr,00-Jan,00-Jan,-42853,0,42968,"female: red eyes, very shrivelled",0,,,,,,0,0,0,0,0,0,0,0,,0,0,0,0,0,,0,0,,0,0,0,0,0,0,0,,0,0,,0,0,0,,,0,0,,0,,0,0,,0,,0,0,,0,,0,0,,0,,0,0,,0,0,0,0,0,,,,,,0,May 15-17 bean was mouldy,"HPS Jun 7-9 was mixed up with LR Jun 7-9, so was switched based on 'fit' of data",,
HPS,3,2,HPS2,18-Apr,05-May,09-May,09-May,09-May,09-May,4,4,18-Apr,05-May,Jul 22-24,21-Jul,22-Jul,24-Jul,78.5,80,05-May,15-May,10-Jul,10,56,14,"female: black eyes, fresh","Replaced Date Matured from ""04-05 May"" to 05-May",,,,,,,,,0,0,0,5,0,,7,0,3,11,7,,8,10,,6,10,9,2,8,8,8,,3,5,,3,1,7,,,2,1,,0,,0,0,,0,,0,0,,,,,,,,,,,,,,,,,,,,,,124,May 15-17 bean was mouldy,0,,
HPS,3,3,HPS3,18-Apr,09-May,12-15-May,12-May,13-May,15-May,4.5,6,18-Apr,09-May,09-May,09-May,09-May,09-May,0,0,09-May,00-Jan,00-Jan,-42864,0,42864,0,0,,,,,,,,,,0,,,,,,,,,,,,,,,,,,,,,,,,,,,,,,,,,,,,,,,,,,,,,,,,,,,,,,,,,,,,,,,0,0,0,,
HPS,3,4,HPS4,18-Apr,09-May,16-19 Jun,16-Jun,17-Jun,19-Jun,39.5,41,18-Apr,09-May,Jul 22-24,21-Jul,22-Jul,24-Jul,74.5,76,09-May,05-Jun,04-Jul,27,29,20,"male: maybe June 17?; female: black eyes, shrivelled",0,,,,,,,,,,0,0,0,0,,,0,0,0,0,,,1,,5,6,7,4,6,7,4,,5,5,,0,1,2,,,0,0,,0,,0,0,,0,,0,0,,,,,,,,,,,,,,,,,,,,,,53,May 15-17 bean was mouldy,0,,
HPS,3,5,HPS5,18-Apr,09-May,27-Jul,27-Jul,27-Jul,27-Jul,79,79,18-Apr,09-May,16-May,16-May,16-May,16-May,7,7,09-May,00-Jan,00-Jan,-42864,0,42871,"male: black eyes, very shrivelled",0,,,,,,,,,,0,0,0,,,,0,0,,,,0,0,,0,,,,,,,,,,,,,,,,,,,,,,,,,,,,,,,,,,,,,,,,,,,,,,,,,0,0,0,,
HPS,3,6,HPS6,18-Apr,09-May,12-15-May,12-May,13-May,15-May,4.5,6,18-Apr,09-May,06-Jun,06-Jun,06-Jun,06-Jun,28,28,09-May,26-May,14-Jun,17,19,-8,0,0,,,,,,,,,,0,0,0,0,,0,0,6,5,6,,2,11,,3,8,3,3,,,,,,,,,,,,,,,,,,,,,,,,,,,,,,,,,,,,,,,,,,,,,,47,May 15-17 bean was mouldy,0,,
HPS,3,7,HPS7,18-Apr,09-May,11-May,11-May,11-May,11-May,2,2,18-Apr,09-May,09-Jun,09-Jun,09-Jun,09-Jun,31,31,09-May,23-May,09-Jun,14,17,0,0,0,,,,,,,,,,0,0,0,0,,0,13,6,9,7,,2,5,,0,5,,,,,,,,,,,,,,,,,,,,,,,,,,,,,,,,,,,,,,,,,,,,,,,,47,May 15-17 bean was mouldy,0,,
HPS,3,8,HPS8,21-Apr,09-May,09-Aug,09-Aug,09-Aug,09-Aug,92,92,18-Apr,09-May,15-Jun,15-Jun,15-Jun,15-Jun,37,37,09-May,15-May,12-Jun,6,28,3,"female: red eyes, shrivelled; male: black eyes, very shrivelled",0,,,,,,,,,,0,0,4,0,,0,13,13,13,2,,2,5,,0,4,3,0,,,,,,,,,,,,,,,,,,,,,,,,,,,,,,,,,,,,,,,,,,,,,,59,May 15-17 bean was mouldy,0,,
HPS,3,9,HPS9,18-Apr,09-May,21-Jun,21-Jun,21-Jun,21-Jun,43,43,18-Apr,09-May,23-Jun,23-Jun,23-Jun,23-Jun,45,45,09-May,15-May,19-Jun,6,35,4,"male: dark red eyes, shrivelled-fresh;",0,,,,,,,,,,0,0,3,2,,5,5,13,9,10,,4,10,,0,8,7,4,7,6,0,,0,,,,,,,,,,,,,,,,,,,,,,,,,,,,,,,,,,,,,,,,,93,May 15-17 bean was mouldy,0,,
HPS,3,10,HPS10,18-Apr,09-May,11-May,11-May,11-May,11-May,2,2,18-Apr,09-May,1-4 Jul,30-Jun,02-Jul,04-Jul,54,56,09-May,23-May,30-Jun,14,38,4,female: 2nd?,0,,,,,,,,,,0,0,0,0,,0,13,12,10,6,,10,10,,7,14,14,11,11,10,1,,5,3,,0,2,0,,,,,,,,,,,,,,,,,,,,,,,,,,,,,,,,,,,,139,May 15-17 bean was mouldy,0,,
HPS,3,11,HPS11,21-Apr,09-May,11-May,11-May,11-May,11-May,2,2,21-Apr,09-May,18-Aug,18-Aug,18-Aug,18-Aug,101,101,09-May,09-Jun,23-Jun,31,14,56,"female: red eyes, fresh",0,,,,,,,,,,0,0,0,0,,0,0,0,0,0,,0,0,,0,2,0,0,0,0,0,,1,0,,0,0,0,,,0,0,,0,,0,0,,0,,0,0,,0,,0,0,,0,,0,0,,0,0,0,0,,,,,,,3,May 15-17 bean was mouldy; jun 21-23 1 egg possibly fell from another bean,0,,
HPS,3,12,HPS12,18-Apr,09-May,12-15-May,12-May,13-May,15-May,4.5,6,18-Apr,09-May,01-Jun,01-Jun,01-Jun,01-Jun,23,23,09-May,29-May,29-May,20,0,3,0,0,,,,,,,,,,0,0,0,0,,0,0,0,3,,0,0,,,,,,,,,,,,,,,,,,,,,,,,,,,,,,,,,,,,,,,,,,,,,,,,,,,,3,May 15-17 bean was mouldy,0,,
HPS,3,13,HPS13,21-Apr,11-May,20-Jul,20-Jul,20-Jul,20-Jul,70,70,21-Apr,11-May,26-May,26-May,26-May,26-May,15,15,11-May,19-May,26-May,8,7,0,"male: very shrivelled, black eyes",0,,,,,,,,,,,0,0,0,,5,12,6,,0,,0,,,0,,,,,,,,,,,,,,,,,,,,,,,,,,,,,,,,,,,,,,,,,,,,,,,,,23,May 15-17 bean was mouldy,0,,
HPS,3,14,HPS14,21-Apr,11-May,21-Jul,21-Jul,21-Jul,21-Jul,71,71,21-Apr,11-May,Jul 29-31,28-Jul,29-Jul,31-Jul,79.5,81,11-May,00-Jan,00-Jan,-42866,0,42947,"female escaped June 5 but was found a little later and put back; male: black eyes, very shrivelled; female: red eyes, shrivelled-fresh",0,,,,,,,,,,,0,0,0,,0,0,0,0,0,,0,0,,0,0,0,0,0,0,0,,0,0,,0,0,0,,,0,0,,0,,0,0,,0,,0,0,,0,,0,0,,,,,,,,,,,,,,,,,0,May 15-17 bean was mouldy,0,,
HPS,3,15,HPS15,21-Apr,11-May,12-15-May,12-May,13-May,15-May,2.5,4,21-Apr,09-May,17-May,17-May,17-May,17-May,8,8,11-May,00-Jan,00-Jan,-42866,0,42872,0,0,,,,,,,,,,,0,0,0,,,,,,,,,,,,,,,,,,,,,,,,,,,,,,,,,,,,,,,,,,,,,,,,,,,,,,,,,,,,0,May 15-17 bean was mouldy,0,,
HPS,3,16,HPS16,24-Apr,11-May,Jul 29-31,28-Jul,29-Jul,31-Jul,79.5,81,21-Apr,09-May,26-May,26-May,26-May,26-May,17,17,11-May,26-May,26-May,15,0,0,"male: dark red eyes, very shrivelled",0,,,,,,,,,,,0,0,0,,0,0,6,,,,0,,,0,,,,,,,,,,,,,,,,,,,,,,,,,,,,,,,,,,,,,,,,,,,,,,,,,6,May 15-17 bean was mouldy,0,,
HPS,3,17,HPS17,21-Apr,12-May,20-Jul,20-Jul,20-Jul,20-Jul,69,69,21-Apr,12-May,Jul 29-31,28-Jul,29-Jul,31-Jul,78.5,80,12-May,19-May,07-Jul,7,49,24,"male: black eyes, shrivelled-fresh; female: black eyes, shrivelled",0,,,,,,,,,,,,0,0,,6,9,9,0,4,,7,4,,5,7,10,11,5,14,5,,2,9,,4,2,1,,,13,0,,0,,0,0,,0,,0,0,,0,,0,0,,,,,,,,,,,,,,,,,127,"May 15-17 bean was mouldy; May 26-29 count possibly 0 or 2 (2 #17 counts), this one chosen to be count=0 because it has been producing for longer than #27;  May 31 - Jun 2 # 17 was recorded twice one with count=0 so it is assumed that the bean was 'pulled' twice;",0,,
HPS,3,18,HPS18,21-Apr,12-May,26-Jul,26-Jul,26-Jul,26-Jul,75,75,21-Apr,12-May,23-Aug,23-Aug,23-Aug,23-Aug,103,103,12-May,00-Jan,00-Jan,-42867,0,42970,"male: dark red eyes, very shrivelled; female: red eyes, fresh",0,,,,,,,,,,,,0,0,,0,0,0,0,0,,0,0,,0,0,0,0,0,0,0,,0,0,,0,0,0,,,0,0,,0,,0,0,,0,,0,0,,0,,0,0,,0,,0,0,,0,0,0,0,0,0,,,,,0,May 15-17 bean was mouldy,0,,
HPS,3,19,HPS19,21-Apr,12-May,12-Jun,Squished 12-Jun,Squished 12-Jun,Squished 12-Jun,#VALUE!,#VALUE!,24-Apr,12-May,Jul 29-31,28-Jul,29-Jul,31-Jul,78.5,80,12-May,19-May,28-Jul,7,70,3,"male possibly squished so was put in ethanol; female: black eyes, very shrivelled",0,,,,,,,,,,,,0,0,,3,0,3,0,4,,1,9,,5,6,10,6,5,11,8,,7,9,,9,7,13,,,11,9,,6,,6,10,,5,,9,10,,4,,2,0,,,,,,,,,,,,,,,,,188,May 15-17 bean was mouldy; Jul 21-24 1 egg possible fell from another bean,0,,
HPS,3,20,HPS20,21-Apr,16-May,12-14 Aug,11-Aug,12-Aug,14-Aug,88.5,90,21-Apr,16-May,30-Jun,30-Jun,30-Jun,30-Jun,45,45,16-May,23-May,19-Jun,7,27,11,"female: red eyes, fresh: male: dark red eyes, shrivelled-fresh",0,,,,,,,,,,,,,0,,0,9,11,5,3,,0,0,,0,0,0,0,0,4,0,,0,0,,0,0,,,,,,,,,,,,,,,,,,,,,,,,,,,,,,,,,,,,,32,0,0,,
HPS,3,21,HPS21,24-Apr,16-May,21-Jul,21-Jul,21-Jul,21-Jul,66,66,24-Apr,16-May,14-Jul,14-Jul,14-Jul,14-Jul,59,59,16-May,29-May,26-Jun,13,28,18,"male: dark red eyes, shrivelled-fresh",0,,,,,,,,,,,,,0,,0,0,0,8,7,,5,13,,6,8,8,4,5,8,8,,7,5,,0,0,0,,,0,0,,0,,0,,,,,,,,,,,,,,,,,,,,,,,,,,,,92,0,0,,
HPS,3,22,HPS22,24-Apr,16-May,19-Jul,19-Jul,19-Jul,19-Jul,64,64,24-Apr,16-May,Jul 22-24,21-Jul,22-Jul,24-Jul,67.5,69,16-May,26-May,19-Jul,10,54,5,"male: black eyes, very shrivelled",0,,,,,,,,,,,,,0,,0,0,1,0,0,,0,4,,1,1,1,0,2,0,33,,0,7,,4,2,11,,,3,5,,2,,2,1,,2,,0,0,,,,,,,,,,,,,,,,,,,,,,82,0,0,,
HPS,3,23,HPS23,24-Apr,16-May,12-Jun,12-Jun,12-Jun,12-Jun,27,27,24-Apr,16-May,18-Aug,18-Aug,18-Aug,18-Aug,94,94,16-May,29-May,21-Jul,13,53,28,"female: dark red eyes, shrivelled-fresh; male date wasn’t recorded so was taken from date on tube",0,,,,,,,,,,,,,0,,0,0,0,5,0,,1,6,,2,4,10,5,3,8,6,,5,9,,9,6,7,,,9,8,,7,,3,4,,0,,1,0,,0,,0,0,,0,,0,0,,0,0,0,0,,,,,,,118,0,0,,
HPS,3,24,HPS24,24-Apr,16-May,13-Jul,13-Jul,13-Jul,13-Jul,58,58,24-Apr,16-May,12-Jun,12-Jun,12-Jun,12-Jun,27,27,16-May,23-May,12-Jun,7,20,0,"male: shrivelled, dark red eyes; female was in a tube labelled ""male"" June 12 and neither M or F date was written in on data sheet so it was assumed that the female died on June 12 and was labelled ""male"" and not recorded;",0,,,,,,,,,,,,,0,,0,11,11,9,4,,0,11,,0,10,3,0,,,,,,,,,,,,,,,,,,,,,,,,,,,,,,,,,,,,,,,,,,,,,,59,0,0,,
HPS,3,25,HPS25,24-Apr,16-May,26-Jul,26-Jul,26-Jul,26-Jul,71,71,24-Apr,16-May,13-Jul,13-Jul,13-Jul,13-Jul,58,58,16-May,23-May,07-Jul,7,45,6,"female: dark red, shrivelled; male: black eyes, very shrivelled",0,,,,,,,,,,,,,0,,0,12,11,8,7,,3,11,,3,11,10,8,9,8,6,,3,1,,1,0,2,,,2,0,,0,,0,,,,,,,,,,,,,,,,,,,,,,,,,,,,116,0,0,,
HPS,3,26,HPS26,24-Apr,16-May,12-Jun,12-Jun,12-Jun,12-Jun,27,27,24-Apr,16-May,03-Aug,03-Aug,03-Aug,03-Aug,79,79,16-May,26-May,17-Jul,10,52,17,"female: black eyes, shrivelled-fresh",0,,,,,,,,,,,,,0,,0,0,11,7,2,,1,10,,9,12,10,8,8,12,9,,9,8,,7,9,12,,,7,8,,0,,3,4,,0,,0,0,,0,,0,0,,0,0,,,,,,,,,,,,,,166,0,0,,
HPS,3,27,HPS27,24-Apr,17-May,26-May,26-May,26-May,26-May,9,9,24-Apr,17-May,5-8 Aug,04-Aug,06-Aug,08-Aug,81,83,17-May,23-May,19-Jul,6,57,20,"female: black eyes, shrivelled",0,,,,,,,,,,,,,,,0,6,6,2,7,,3,16,,4,6,4,6,6,9,7,,4,8,,4,7,10,,,3,4,,3,,10,0,,1,,0,0,,0,,0,0,,0,,0,0,,,,,,,,,,,,136,May 26-29 count possibly 0 or 2 (2 #17 counts),0,,
HPS,3,28,HPS28,26-Apr,17-May,01-Aug,01-Aug,01-Aug,01-Aug,76,76,26-Apr,17-May,01-Aug,01-Aug,01-Aug,01-Aug,76,76,17-May,02-Jun,31-Jul,16,59,1,"male: black eyes, very shrivelled; female: black eyes, shrivelled-fresh",0,,,,,,,,,,,,,,,0,0,0,0,0,,1,2,,3,3,5,3,6,6,4,,1,5,,7,3,6,,,8,2,,5,,0,4,,4,,4,7,,4,,4,3,0,,,,,,,,,,,,,,,,100,0,0,,
HPS,3,29,HPS29,24-Apr,17-May,12-Jun,12-Jun,12-Jun,12-Jun,26,26,24-Apr,17-May,11-Jul,11-Jul,11-Jul,11-Jul,55,55,17-May,26-May,30-Jun,9,35,11,"femlae: red eyes, shrivelled",0,,,,,,,,,,,,,,,0,0,18,19,16,,15,19,,6,13,17,11,8,8,5,,0,0,,0,1,0,,,0,0,0,,,,,,,,,,,,,,,,,,,,,,,,,,,,,,,156,0,0,,
HPS,3,30,HPS30,24-Apr,18-May,Jul 29-31,28-Jul,29-Jul,31-Jul,72.5,74,21-Apr,18-May,19-21 Aug,18-Aug,19-Aug,21-Aug,93.5,95,18-May,29-May,21-Jul,11,53,31,"male: dark red eyes, shrivelled-fresh; female: dark red eyes, shrivelled",0,,,,,,,,,,,,,,,0,0,0,4,4,,7,5,,9,8,20,11,4,7,4,,0,8,,5,5,9,,,2,5,,3,,2,4,,2,,1,0,,0,,0,0,,0,,0,0,,0,0,0,0,0,,,,,,129,0,0,,
HPS,3,31,HPS31,26-Apr,18-May,16-19 Jun,16-Jun,17-Jun,19-Jun,30.5,32,28-Apr,18-May,16-Aug,16-Aug,16-Aug,16-Aug,90,90,18-May,26-May,04-Aug,8,70,12,"female: dark red eyes, shrivelled-fresh",0,,,,,,,,,,,,,,,0,0,4,5,4,,1,9,,5,8,10,9,11,11,7,,7,11,,3,7,8,,,4,5,,5,,4,7,,2,,6,6,,1,,1,2,,0,,1,0,,0,0,0,,,,,,,,164,0,0,,
HPS,3,32,HPS32,01-May,19-May,20-23-May,19-May,21-May,23-May,2,4,24-Apr,19-May,11-Jul,11-Jul,11-Jul,11-Jul,53,53,19-May,29-May,04-Jul,10,36,7,"didn’t have any food 19-23-May; female: dark red eyes, shrivelled",0,,,,,,,,,,,,,,,0,0,0,6,0,,0,1,,0,6,4,2,1,6,4,,0,5,,2,0,1,,,0,0,0,,,,,,,,,,,,,,,,,,,,,,,,,,,,,,,38,0,0,,
HPS,3,33,HPS33,28-Apr,19-May,12-14 Aug,11-Aug,12-Aug,14-Aug,85.5,87,28-Apr,19-May,02-Aug,02-Aug,02-Aug,02-Aug,75,75,19-May,16-Jun,02-Aug,28,47,0,"female: black eyes, shriveled-fresh: male: black eyes, very shrivelled",0,,,,,,,,,,,,,,,,0,0,0,0,,0,0,,0,0,0,0,4,3,5,,3,3,,2,4,6,,,3,2,,5,,1,7,,5,,4,7,,4,,5,4,,2,,,,,,,,,,,,,,,79,0,0,,
HPS,3,34,HPS34,01-May,19-May,17-Aug,17-Aug,17-Aug,17-Aug,90,90,24-Apr,19-May,09-Jun,09-Jun,09-Jun,09-Jun,21,21,19-May,29-May,14-Jun,10,16,-5,"male: black eyes, shrivelled",0,,,,,,,,,,,,,,,,0,0,6,9,,1,13,,7,0,5,1,,,,,,,,,,,,,,,,,,,,,,,,,,,,,,,,,,,,,,,,,,,,,,42,0,0,,
HPS,3,35,HPS35,28-Apr,19-May,5-8 Aug,04-Aug,06-Aug,08-Aug,79,81,28-Apr,19-May,22-Jun,22-Jun,22-Jun,22-Jun,34,34,19-May,26-May,19-Jun,7,24,3,"female: dark red eyes, shrivelled; male: black eyes, shrivelled",0,,,,,,,,,,,,,,,0,0,7,7,6,,0,9,,3,8,14,7,5,8,0,,0,,,,,,,,,,,,,,,,,,,,,,,,,,,,,,,,,,,,,,,,,74,0,0,,
HPS,3,36,HPS36,26-Apr,19-May,06-Jun,06-Jun,06-Jun,06-Jun,18,18,26-Apr,19-May,27-Jun,27-Jun,27-Jun,27-Jun,39,39,19-May,26-May,26-Jun,7,31,1,"male injured with lid June 5; male: red eyes, shrivelled; female: very dark red-black eyes, shrivelled-fresh",0,,,,,,,,,,,,,,,0,0,11,16,12,,7,17,,1,9,,8,10,7,2,,8,4,0,,,,,,,,,,,,,,,,,,,,,,,,,,,,,,,,,,,,,,,112,0,0,,
HPS,3,37,HPS37,28-Apr,19-May,Jul 22-24,21-Jul,22-Jul,24-Jul,64.5,66,28-Apr,19-May,20-23-May,19-May,21-May,23-May,2,4,19-May,00-Jan,00-Jan,-42874,0,42878,"no food May 19-23-May; male: black eyes, very shrivelled",0,,,,,,,,,,,,,,,0,0,0,,,,0,0,,0,,0,,,,,,,,,,,,,,,,,,,,,,,,,,,,,,,,,,,,,,,,,,,,,,,0,0,0,,
HPS,3,38,HPS38,28-Apr,19-May,Jul 29-31,28-Jul,29-Jul,31-Jul,71.5,73,28-Apr,19-May,15-17 Jul,14-Jul,15-Jul,17-Jul,57.5,59,19-May,07-Jun,14-Jul,19,37,3,"female: black eyes, shrivelled; male: black eyes, shrivelled",0,,,,,,,,,,,,,,,,0,0,0,0,,0,0,,8,4,,6,4,7,8,,1,16,,6,9,7,,,11,11,,9,,5,0,,,,,,,,,,,,,,,,,,,,,,,,,,,112,0,0,,
HB,4,1,HB1,11-Apr,27-Apr,06-08 May,05-May,06-May,08-May,9.5,11,11-Apr,27-Apr,1-4 Jul,30-Jun,02-Jul,04-Jul,66,68,27-Apr,03-May,05-Jun,6,33,29,"female:very dark red eyes, fresh",0,,,,,,0,10,15,30,18,16,5,6,,0,19,12,12,4,,4,15,,0,0,0,0,0,0,0,,0,0,,0,0,0,,,,,,,,,,,,,,,,,,,,,,,,,,,,,,,,,,,,166,M died May 5-8,0,,
HB,4,2,HB2,11-Apr,28-Apr,16-May,16-May,16-May,16-May,18,18,11-Apr,28-Apr,21-Jun,21-Jun,21-Jun,21-Jun,54,54,28-Apr,03-May,16-Jun,5,44,5,"male escaped, but was later retrieved from inside growth cabinet; female: dark red eyes, shrivelled",0,,,,,,0,8,9,12,11,14,3,5,,17,23,17,24,4,,3,9,,5,0,1,0,1,0,0,,,,,,,,,,,,,,,,,,,,,,,,,,,,,,,,,,,,,,,,,,,166,0,added male from outside on tray (petri dish had hole),,
HB,4,3,HB3,11-Apr,28-Apr,04-May,04-May,04-May,04-May,6,6,11-Apr,28-Apr,28-Jun,28-Jun,28-Jun,28-Jun,61,61,28-Apr,03-May,23-Jun,5,51,5,0,0,,,,,,0,10,9,18,16,12,6,6,,10,24,26,18,8,,8,12,,6,3,6,0,1,3,0,,4,0,,0,,,,,,,,,,,,,,,,,,,,,,,,,,,,,,,,,,,,,,206,M died May 4,0,,
HB,4,4,HB4,11-Apr,28-Apr,06-08 May,05-May,06-May,08-May,8.5,10,11-Apr,28-Apr,08-Jun,08-Jun,08-Jun,08-Jun,41,41,28-Apr,03-May,07-Jun,5,35,1,"M still twitching May 8; female: dark red eyes, fresh;",0,,,,,,0,4,0,8,9,11,11,12,,2,18,10,12,4,,0,13,,1,,,,,,,,,,,,,,,,,,,,,,,,,,,,,,,,,,,,,,,,,,,,,,,,,115,M died May 5-8,male was twitching when certified dead,,
HB,4,5,HB5,11-Apr,28-Apr,1-4 Jul,30-Jun,02-Jul,04-Jul,65,67,11-Apr,28-Apr,10-May,10-May,10-May,10-May,12,12,28-Apr,03-May,08-May,5,5,2,"male: very dark red eyes, very shrivelled",0,,,,,,0,2,3,10,0,0,0,0,,,,0,0,0,,,0,,0,0,,,,,,,,,,,,,,,,,,,,,,,,,,,,,,,,,,,,,,,,,,,,,,,,15,F died May 10,0,,
HB,4,6,HB6,11-Apr,28-Apr,06-08 May,05-May,06-May,08-May,8.5,10,11-Apr,28-Apr,26-May,26-May,26-May,26-May,28,28,28-Apr,05-May,26-May,7,21,0,0,0,,,,,,0,0,2,13,9,11,14,9,,10,12,12,,,,,,,,,,,,,,,,,,,,,,,,,,,,,,,,,,,,,,,,,,,,,,,,,,,,,,,,92,M died May 5-8,0,,
HB,4,7,HB7,11-Apr,28-Apr,04-May,04-May,04-May,04-May,6,6,11-Apr,28-Apr,21-Jun,21-Jun,21-Jun,21-Jun,54,54,28-Apr,08-May,21-Jun,10,44,0,male injured on may 3 due to handling,0,,,,,,0,0,0,30,6,0,2,6,,9,18,15,11,8,,0,17,,1,4,7,2,0,0,1,,,,,,,,,,,,,,,,,,,,,,,,,,,,,,,,,,,,,,,,,,,137,M died May 4; Jun 19-21 1 egg possibly fell off another bean,male was injured May 3,,
HB,4,8,HB8,11-Apr,28-Apr,06-08 May,05-May,06-May,08-May,8.5,10,11-Apr,28-Apr,05-Jul,05-Jul,05-Jul,05-Jul,68,68,28-Apr,03-May,16-Jun,5,44,19,"female: red eyes, shrivelled",0,,,,,,0,8,3,9,8,10,10,13,,13,21,19,13,6,,2,3,,7,0,0,4,1,0,0,,0,0,,0,0,0,0,,,,,,,,,,,,,,,,,,,,,,,,,,,,,,,,,,,150,Jun 14-16 egg possibly fell off another bean,0,,
HB,4,9,HB9,11-Apr,28-Apr,06-08 May,05-May,06-May,08-May,8.5,10,11-Apr,28-Apr,12-May,12-May,12-May,12-May,14,14,28-Apr,00-Jan,00-Jan,-42853,0,42867,0,0,,,,,,0,0,0,0,0,0,,,,,,,,,,,,,,,,,,,,,,,,,,,,,,,,,,,,,,,,,,,,,,,,,,,,,,,,,,,,,,0,M died May 5-8,0,,
HB,4,10,HB10,18-Apr,03-May,Jul 22-24,21-Jul,22-Jul,24-Jul,80.5,82,18-Apr,03-May,08-Jun,08-Jun,08-Jun,08-Jun,36,36,03-May,12-May,23-May,9,11,16,"female: dark red eyes, shrivelled; male: black eyes, shrivelled",0,,,,,,,,0,0,0,13,13,7,,0,9,0,0,0,,0,0,,0,0,,,,,,,,,,,,,,,,,,,,,,,,,,,,,,,,,,,,,,,,,,,,,,,,42,0,0,,
HB,4,11,HB11,11-Apr,02-May,09-May,09-May,09-May,09-May,7,7,18-Apr,03-May,13-Jul,13-Jul,13-Jul,13-Jul,71,71,03-May,12-May,19-Jun,9,38,24,"female: red eyes, shrivelled",0,,,,,,,,0,,0,9,18,21,,15,13,13,20,16,,11,22,,13,3,8,5,0,5,0,,0,0,,0,0,0,,,0,0,,0,0,,,,,,,,,,,,,,,,,,,,,,,,,,,,,192,M died May 9,0,,
HB,4,12,HB12,11-Apr,02-May,07-Jun,07-Jun,07-Jun,07-Jun,36,36,18-Apr,05-May,02-Jun,02-Jun,02-Jun,02-Jun,28,28,05-May,10-May,31-May,5,21,2,"male: red eyes, fresh","Replaced Date Matured from ""04-05 May"" to 05-May",,,,,,,,0,0,4,6,16,4,,0,9,0,13,7,,0,0,,0,,,,,,,,,,,,,,,,,,,,,,,,,,,,,,,,,,,,,,,,,,,,,,,,,59,0,0,,
HB,4,13,HB13,18-Apr,05-May,23-Jun,23-Jun,23-Jun,23-Jun,49,49,18-Apr,05-May,17-19 June,16-Jun,17-Jun,19-Jun,43.5,45,05-May,12-May,09-Jun,7,28,10,"female: very dark red eyes, shrivelled; male: very dark red eyes, very shrivelled","Replaced Date Matured from ""04-05 May"" to 05-May",,,,,,,,,0,0,14,18,12,,7,11,1,17,7,,1,9,,0,1,0,0,0,0,0,,,,,,,,,,,,,,,,,,,,,,,,,,,,,,,,,,,,,,,,,,,98,0,0,,
HB,4,14,HB14,18-Apr,05-May,30-Jun,30-Jun,30-Jun,30-Jun,56,56,18-Apr,05-May,1-4 Jul,30-Jun,02-Jul,04-Jul,58,60,05-May,12-May,19-Jun,7,38,15,"female: fresh, dark red eyes","Replaced Date Matured from ""04-05 May"" to 05-May",,,,,,,,,0,0,7,13,2,,0,22,4,27,8,,11,17,,6,3,3,6,2,5,0,,0,0,,0,0,0,,,,,,,,,,,,,,,,,,,,,,,,,,,,,,,,,,,,136,0,0,,
HB,4,15,HB15,18-Apr,05-May,06-08 May,05-May,06-May,08-May,1.5,3,18-Apr,05-May,16-Jun,16-Jun,16-Jun,16-Jun,42,42,05-May,00-Jan,00-Jan,-42860,0,42902,"female: red eyes, fresh","Replaced Date Matured from ""04-05 May"" to 05-May",,,,,,,,,0,0,0,0,,,0,0,0,0,0,,0,0,,0,0,0,0,0,,,,,,,,,,,,,,,,,,,,,,,,,,,,,,,,,,,,,,,,,,,,,0,M died May 5-8,"May 17-19 was blank, assumed to be 0",,
HB,4,16,HB16,18-Apr,05-May,30-Jun,30-Jun,30-Jun,30-Jun,56,56,18-Apr,05-May,16-Jun,16-Jun,16-Jun,16-Jun,42,42,05-May,12-May,12-Jun,7,31,4,"female: dark rede eyes, shrivelled","Replaced Date Matured from ""04-05 May"" to 05-May",,,,,,,,,0,0,4,9,10,,0,24,7,14,6,,9,12,,7,11,6,0,0,,,,,,,,,,,,,,,,,,,,,,,,,,,,,,,,,,,,,,,,,,,,,119,0,0,,
HB,4,17,HB17,18-Apr,05-May,11-May,11-May,11-May,11-May,6,6,18-Apr,05-May,30-Jun,30-Jun,30-Jun,30-Jun,56,56,05-May,12-May,14-Jun,7,33,16,0,"Replaced Date Matured from ""04-05 May"" to 05-May",,,,,,,,,0,0,17,0,8,,10,28,18,24,17,,10,24,,0,7,3,1,0,0,0,,0,0,,0,0,,,,,,,,,,,,,,,,,,,,,,,,,,,,,,,,,,,,,167,May died May 11,0,,
HB,4,18,HB18,21-Apr,09-May,11-May,11-May,11-May,11-May,2,2,21-Apr,09-May,15-May,15-May,15-May,15-May,6,6,09-May,15-May,15-May,6,0,0,0,"Replaced Date Matured from ""04-05 May"" to 05-May",,,,,,,,,,0,0,1,,,,,,,,,,,,,,,,,,,,,,,,,,,,,,,,,,,,,,,,,,,,,,,,,,,,,,,,,,,,,1,May died May 11,0,,
HB,4,19,HB19,21-Apr,09-May,11-May,11-May,11-May,11-May,2,2,21-Apr,09-May,2-5-Jun,02-Jun,03-Jun,05-Jun,25.5,27,09-May,15-May,05-Jun,6,21,0,female: maybe 3rd?,0,,,,,,,,,,0,0,2,0,,6,4,4,3,8,,4,3,,,,,,,,,,,,,,,,,,,,,,,,,,,,,,,,,,,,,,,,,,,,,,,,,,,34,May died May 11,0,,
HB,4,20,HB20,21-Apr,09-May,15-May,15-May,15-May,15-May,6,6,21-Apr,09-May,15-May,15-May,15-May,15-May,6,6,09-May,00-Jan,00-Jan,-42864,0,42870,0,0,,,,,,,,,,0,0,0,,,,,,,,,,,,,,,,,,,,,,,,,,,,,,,,,,,,,,,,,,,,,,,,,,,,,,,,,,,,,0,0,0,,
HB,4,21,HB21,24-Apr,10-May,Jul 29-31,28-Jul,29-Jul,31-Jul,80.5,82,24-Apr,10-May,08-Jun,08-Jun,08-Jun,08-Jun,29,29,10-May,15-May,09-Jun,5,25,-1,"female: dark red eyes, shrivelled; male: black eyes, very shrivelled",0,,,,,,,,,,,0,1,11,,,31,20,28,5,,9,20,,8,4,,,,,,,,,,,,,,,,,,,,,,,,,,,,,,,,,,,,,,,,,,,,,,,,137,0,0,,
HB,4,22,HB22,24-Apr,10-May,13-Jun,13-Jun,13-Jun,13-Jun,34,34,24-Apr,10-May,20-Jun,20-Jun,20-Jun,20-Jun,41,41,10-May,17-May,09-Jun,7,23,11,0,0,,,,,,,,,,,0,0,1,,3,17,4,16,0,,2,10,,0,1,0,0,0,0,,,,,,,,,,,,,,,,,,,,,,,,,,,,,,,,,,,,,,,,,,,,54,0,0,,
HB,4,23,HB23,21-Apr,11-May,male escaped,male escaped,male escaped,male escaped,#VALUE!,#VALUE!,21-Apr,11-May,14-Jun,14-Jun,14-Jun,14-Jun,34,34,11-May,23-May,12-Jun,12,20,2,0,0,,,,,,,,,,,0,0,0,,0,5,8,5,9,,5,7,,2,2,4,0,,,,,,,,,,,,,,,,,,,,,,,,,,,,,,,,,,,,,,,,,,,,,,47,0,0,,
HB,4,24,HB24,21-Apr,11-May,1-4 Jul,30-Jun,02-Jul,04-Jul,52,54,21-Apr,09-May,15-May,15-May,15-May,15-May,6,6,11-May,00-Jan,00-Jan,-42866,0,42870,"male: black eyes, very shrivelled",0,,,,,,,,,,,0,0,0,,,,0,0,0,,,0,,0,,,,,,,,,,,,,,,,,,,,,,,,,,,,,,,,,,,,,,,,,,,,,,,,,0,0,0,,
HB,4,25,HB25,21-Apr,11-May,19-May,19-May,19-May,19-May,8,8,21-Apr,09-May,02-Jun,02-Jun,02-Jun,02-Jun,24,24,11-May,29-May,02-Jun,18,4,0,0,0,,,,,,,,,,,0,0,0,,0,0,0,12,4,,3,,,,,,,,,,,,,,,,,,,,,,,,,,,,,,,,,,,,,,,,,,,,,,,,,,,,19,0,0,,
HB,4,26,HB26,21-Apr,11-May,30-May,30-May,30-May,30-May,19,19,21-Apr,09-May,5-8 Aug,04-Aug,06-Aug,08-Aug,89,91,11-May,19-May,30-Jun,8,42,39,"male accidentally injured May 29; female: black eyes, shrivelled",0,,,,,,,,,,,0,0,0,,5,22,16,21,12,,3,24,,0,4,16,0,12,7,4,,0,5,,1,4,0,,,0,0,,0,,0,0,,0,,0,0,,0,,0,0,,0,,0,0,,,,,,,,,,,,156,0,0,,
HB,4,27,HB27,24-Apr,11-May,09-Jun,09-Jun,09-Jun,09-Jun,29,29,24-Apr,11-May,20-Jun,20-Jun,20-Jun,20-Jun,40,40,11-May,17-May,26-May,6,9,25,"male: dark red eyes, shrivelled;",0,,,,,,,,,,,0,0,5,,5,5,1,0,0,,0,0,,0,0,0,0,0,0,,,,,,,,,,,,,,,,,,,,,,,,,,,,,,,,,,,,,,,,,,,,16,0,0,,
HB,4,28,HB28,21-Apr,11-May,21-Jul,21-Jul,21-Jul,21-Jul,71,71,21-Apr,11-May,23-May,23-May,23-May,23-May,12,12,11-May,02-Jun,02-Jun,22,0,-10,"male: black eyes, shrivelled-fresh",0,,,,,,,,,,,0,0,0,,0,0,,0,0,,1,0,,0,,,,,,,,,,,,,,,,,,,,,,,,,,,,,,,,,,,,,,,,,,,,,,,,,1,0,0,,
HB,4,29,HB29,21-Apr,11-May,07-Jul,07-Jul,07-Jul,07-Jul,57,57,21-Apr,11-May,1-4 Jul,30-Jun,02-Jul,04-Jul,52,54,11-May,12-May,28-Jun,1,47,6,"female: red eyes, shrivelled",0,,,,,,,,,,,1,0,3,,6,1,2,8,4,,0,3,,1,2,4,7,2,1,1,,2,0,,1,0,0,,,,,,,,,,,,,,,,,,,,,,,,,,,,,,,,,,,,49,0,0,,
HB,4,30,HB30,24-Apr,11-May,19-Jul,19-Jul,19-Jul,19-Jul,69,69,24-Apr,11-May,23-May,23-May,23-May,23-May,12,12,11-May,17-May,19-May,6,2,4,"male: black eyes, very shrivelled",0,,,,,,,,,,,0,0,3,,2,,0,0,0,,,0,,0,,,,,,,,,,,,,,,,,,,,,,,,,,,,,,,,,,,,,,,,,,,,,,,,,5,0,0,,
HB,4,31,HB31,24-Apr,11-May,07-Jun,07-Jun,07-Jun,07-Jun,27,27,24-Apr,12-May,19-23-May,19-May,21-May,23-May,9,11,12-May,19-May,23-May,7,4,0,"male: red eyes, shrivelled;",0,,,,,,,,,,,,0,0,,18,4,,0,,,0,0,,0,,,,,,,,,,,,,,,,,,,,,,,,,,,,,,,,,,,,,,,,,,,,,,,,,22,0,0,,
HB,4,32,HB32,24-Apr,11-May,06-Jul,06-Jul,06-Jul,06-Jul,56,56,24-Apr,12-May,26-Jul,26-Jul,26-Jul,26-Jul,75,75,12-May,17-May,19-Jun,5,33,37,"male: black eyes, shrivelled; female: dark red eyes, shrivelled",0,,,,,,,,,,,,0,1,,0,13,0,16,5,,1,18,,0,5,14,8,3,2,0,,0,0,,0,0,0,,,0,0,,0,,0,0,,0,,0,0,,0,,,,,,,,,,,,,,,,,,,,86,0,0,,
HB,4,33,HB33,28-Apr,17-May,20-Jul,20-Jul,20-Jul,20-Jul,64,64,28-Apr,17-May,27-29-May,26-May,27-May,29-May,10.5,12,17-May,23-May,29-May,6,6,0,"male: black eyes, very shrivelled",0,,,,,,,,,,,,,,,0,15,11,8,,,,0,,0,0,,,,,,,,,,,,,,,,,,,,,,,,,,,,,,,,,,,,,,,,,,,,,,,,34,0,0,,
HB,4,34,HB34,28-Apr,17-May,8-10 Jul,07-Jul,08-Jul,10-Jul,52.5,54,28-Apr,17-May,18-Jul,18-Jul,18-Jul,18-Jul,62,62,17-May,23-May,14-Jun,6,22,34,"no food June 12-13; male: black eyes, very shrivelled; female: black eyes, shrivelled-fresh",0,,,,,,,,,,,,,,,0,10,21,21,17,,0,11,,5,0,5,2,0,0,0,,0,0,,0,0,0,,,0,0,,0,,0,0,0,,,,,,,,,,,,,,,,,,,,,,,,,,92,0,0,,
HB,4,35,HB35,28-Apr,17-May,27-Jul,27-Jul,27-Jul,27-Jul,71,71,28-Apr,17-May,20-Jul,20-Jul,20-Jul,20-Jul,64,64,17-May,23-May,19-Jun,6,27,31,"female: black eyes, shrivelled; male: black eyes, fresh",0,,,,,,,,,,,,,,,0,13,2,23,9,,9,18,,5,1,3,7,1,2,0,,0,0,,0,0,0,,,0,0,,0,,0,0,,0,,0,,,,,,,,,,,,,,,,,,,,,,,93,0,0,,
HB,4,36,HB36,24-Apr,16-May,20-Jul,20-Jul,20-Jul,20-Jul,65,65,28-Apr,18-May,8-10 Jul,07-Jul,08-Jul,10-Jul,51.5,53,18-May,05-Jun,05-Jun,18,0,35,"female: dark red eyes, shrivelled; male: black eyes, very shrivelled",0,,,,,,,,,,,,,,,0,0,0,0,0,,0,1,,0,0,0,0,0,0,0,,0,0,,0,0,0,,,0,0,,,,,,,,,,,,,,,,,,,,,,,,,,,,,,,,1,Jun 2-5 egg could have fallen off different bean onto this one;,0,,
HB,4,37,HB37,28-Apr,18-May,25-Jul,25-Jul,25-Jul,25-Jul,68,68,28-Apr,18-May,27-Jun,27-Jun,27-Jun,27-Jun,40,40,18-May,23-May,26-Jun,5,34,1,"female: dark red eyes, shrivelled; male: black eyes, shrivelled-fresh",0,,,,,,,,,,,,,,,0,14,15,18,9,,13,15,,7,8,8,4,14,13,4,,3,1,,0,,,,,,,,,,,,,,,,,,,,,,,,,,,,,,,,,,,,,,146,0,0,,
HB,4,38,HB38,28-Apr,18-May,14-Jul,14-Jul,14-Jul,14-Jul,57,57,28-Apr,18-May,16-Jun,16-Jun,16-Jun,16-Jun,29,29,18-May,23-May,16-Jun,5,24,0,"female: red eyes, shrivelled",0,,,,,,,,,,,,,,,0,5,15,19,11,,10,9,,1,2,2,1,38,,,,,,,,,,,,,,,,,,,,,,,,,,,,,,,,,,,,,,,,,,,,,113,0,0,,
HB,4,39,HB39,28-Apr,18-May,1-4 Jul,30-Jun,02-Jul,04-Jul,45,47,28-Apr,18-May,1-4 Jul,30-Jun,02-Jul,04-Jul,45,47,18-May,23-May,28-Jun,5,36,6,"male: black eyes, very shrivelled; female: black eyes, very shrivelled",0,,,,,,,,,,,,,,,0,4,14,17,5,,3,20,,10,2,8,7,39,12,10,,7,12,,2,0,0,,,,,,,,,,,,,,,,,,,,,,,,,,,,,,,,,,,,172,0,0,,
HR,5,1,HR1,11-Apr,27-Apr,05-May,05-May,05-May,05-May,8,8,11-Apr,27-Apr,1-4 Jul,30-Jun,02-Jul,04-Jul,66,68,27-Apr,05-May,12-Jun,8,38,22,female: 1st?,0,,,,,,0,0,13,23,15,13,15,13,,17,27,22,9,7,,2,0,,1,0,2,0,0,0,0,,0,0,,0,0,0,,,,,,,,,,,,,,,,,,,,,,,,,,,,,,,,,,,,179,M died May 5,0,,
HR,5,2,HR2,11-Apr,02-May,10-May,10-May,10-May,10-May,8,8,11-Apr,02-May,00-Jan,00-Jan,00-Jan,00-Jan,-42857,-42857,02-May,00-Jan,00-Jan,-42857,0,0,"male very slow/not moving much throughout trial; female was actually a second male which died Jul 29-31 and was labbeled ""male B"" on vial",0,,,,,,,0,0,0,0,0,0,0,,0,0,0,0,0,,0,0,,0,0,0,0,0,0,0,,0,0,,0,0,0,,,0,0,,0,,0,0,,0,,0,0,,0,,0,0,,,,,,,,,,,,,,,,,0,M died May 10,Male not moving a lot May 2,,
HR,5,3,HR3,18-Apr,05-May,13-15-May,12-May,13-May,15-May,8.5,10,18-Apr,05-May,26-Jul,26-Jul,26-Jul,26-Jul,82,82,05-May,00-Jan,00-Jan,-42860,0,42942,"female: dark red eyes, shrivelled-fresh","Replaced Date Matured from ""04-05 May"" to 05-May",,,,,,,,,0,0,0,0,0,,0,0,0,0,0,,0,0,,0,0,0,0,0,0,0,,0,0,,0,0,0,,,0,0,,0,,0,0,,0,,0,0,,0,,,,,,,,,,,,,,,,,,,,0,0,0,,
HR,5,4,HR4,18-Apr,05-May,24-26 Jun,23-Jun,24-Jun,26-Jun,50.5,52,18-Apr,05-May,17-19 Jun,16-Jun,17-Jun,19-Jun,43.5,45,05-May,10-May,12-Jun,5,33,7,"female: dark red eyes, very shrivelled; male: dark red eyes, shrivelled","Replaced Date Matured from ""04-05 May"" to 05-May",,,,,,,,,0,7,14,19,0,,14,28,4,18,8,,0,0,,3,6,3,0,0,0,,,,,,,,,,,,,,,,,,,,,,,,,,,,,,,,,,,,,,,,,,,,124,0,replaced lid May 23,,
HR,5,5,HR5,18-Apr,05-May,8-10 Jul,07-Jul,08-Jul,10-Jul,64.5,66,18-Apr,05-May,23-Jun,23-Jun,23-Jun,23-Jun,49,49,05-May,12-May,21-Jun,7,40,2,"female: dark red eyes, shrivelled; male: black eyes, shrivelled","Replaced Date Matured from ""04-05 May"" to 05-May",,,,,,,,,0,0,18,7,19,,19,23,12,6,14,,5,18,,5,9,14,8,5,14,3,,0,,,,,,,,,,,,,,,,,,,,,,,,,,,,,,,,,,,,,,,,,199,0,0,,
HR,5,6,HR6,18-Apr,05-May,MIA May 6-8,MIA May 6-8,MIA May 6-8,MIA May 6-8,#VALUE!,#VALUE!,18-Apr,05-May,12-Jul,12-Jul,12-Jul,12-Jul,68,68,05-May,21-Jun,21-Jun,47,0,21,"M escaped through broken lid May 6 -8; female: black eyes, fresh","Replaced Date Matured from ""04-05 May"" to 05-May",,,,,,,,,0,0,0,0,0,,0,0,0,0,0,,0,0,,0,0,0,0,0,0,1,,0,0,,0,0,0,,,0,0,,0,,,,,,,,,,,,,,,,,,,,,,,,,,,,,,1,0,0,,
HR,5,7,HR7,18-Apr,09-May,23-Jun,23-Jun,23-Jun,23-Jun,45,45,21-Apr,09-May,17-19 Jun,16-Jun,17-Jun,19-Jun,39.5,41,09-May,00-Jan,00-Jan,-42864,0,42905,"female: dark red eyes, very shrivelled",0,,,,,,,,,,0,0,0,0,,0,0,0,0,0,,0,0,,0,0,0,0,0,0,,,0,,,,,,,,,,,,,,,,,,,,,,,,,,,,,,,,,,,,,,,,,0,0,Male escaped through broken lid May 6-8,,
HR,5,8,HR8,21-Apr,09-May,25-May,25-May,25-May,25-May,16,16,18-Apr,10-May,8-10 Jul,07-Jul,08-Jul,10-Jul,59.5,61,10-May,23-May,28-Jun,13,36,12,0,0,,,,,,,,,,,0,0,0,,0,3,7,18,7,,10,11,,4,8,12,5,0,2,8,,3,4,,1,0,0,,,0,0,,,,,,,,,,,,,,,,,,,,,,,,,,,,,,,,103,0,0,,
HR,5,9,HR9,21-Apr,12-May,24-May,24-May,24-May,24-May,12,12,24-Apr,12-May,12-Jul,12-Jul,12-Jul,12-Jul,61,61,12-May,17-May,26-Jun,5,40,16,"female: black eyes, shrivelled",0,,,,,,,,,,,,0,9,,15,33,19,37,11,,12,14,,4,16,21,8,5,17,1,,3,2,,0,0,0,,,0,0,,0,,,,,,,,,,,,,,,,,,,,,,,,,,,,,,227,0,0,,
HR,5,10,HR10,24-Apr,16-May,22-Aug,22-Aug,22-Aug,22-Aug,98,98,24-Apr,16-May,Jul 15-17,14-Jul,15-Jul,17-Jul,60.5,62,16-May,23-May,04-Jul,7,42,13,"female: black eyes, fresh; male: black eyes, very shrivelled",0,,,,,,,,,,,,,0,,0,18,7,3,7,,4,7,,11,12,20,12,12,18,5,,11,11,,3,0,3,,,0,0,,0,,0,0,,,,,,,,,,,,,,,,,,,,,,,,,,,164,0,0,,
HR,5,11,HR11,24-Apr,16-May,18-May,18-May,18-May,18-May,2,2,24-Apr,16-May,5-8 Aug,04-Aug,06-Aug,08-Aug,82,84,16-May,00-Jan,00-Jan,-42871,0,42955,"female: dark red eyes, shrivelled-fresh",0,,,,,,,,,,,,,0,,0,0,0,0,0,,0,0,,0,0,0,0,0,0,0,,0,0,,0,0,0,,,0,0,,0,,0,0,,0,,0,0,,0,,0,0,,0,,0,0,,,,,,,,,,,,0,0,0,,
HR,5,12,HR12,24-Apr,16-May,Jul 22-24,21-Jul,22-Jul,24-Jul,67.5,69,24-Apr,16-May,Jul 29-31,28-Jul,29-Jul,31-Jul,74.5,76,16-May,23-May,04-Jul,7,42,27,"male: dark red eyes, shrivelled; female: black eyes, very shrivelled",0,,,,,,,,,,,,,0,,0,11,15,23,11,,7,16,,5,14,17,11,6,8,5,,1,3,,3,12,3,,,0,0,,0,,0,0,,0,,0,0,,0,,0,0,,,,,,,,,,,,,,,,,171,0,0,,
HR,5,13,HR13,24-Apr,16-May,8-10 Jul,07-Jul,08-Jul,10-Jul,53.5,55,24-Apr,16-May,Jul 22-24,21-Jul,22-Jul,24-Jul,67.5,69,16-May,23-May,04-Jul,7,42,20,"female: dark red eyes, shrivelled",0,,,,,,,,,,,,,0,,0,23,21,19,15,,14,14,,13,11,17,14,7,13,13,,6,15,,9,1,7,,,0,0,,0,,0,0,,0,,0,0,,,,,,,,,,,,,,,,,,,,,,232,0,0,,
HR,5,14,HR14,26-Apr,16-May,19-23-May,19-May,21-May,23-May,5,7,26-Apr,16-May,8-10 Jul,07-Jul,08-Jul,10-Jul,53.5,55,16-May,23-May,28-Jun,7,36,12,"female: dark red eyes, shrivelled",0,,,,,,,,,,,,,0,,0,10,6,11,4,,1,1,,4,8,3,10,0,0,0,,0,10,,1,0,0,,,0,0,,,,,,,,,,,,,,,,,,,,,,,,,,,,,,,,69,0,0,,
HR,5,15,HR15,24-Apr,16-May,25-Jul,25-Jul,25-Jul,25-Jul,70,70,24-Apr,16-May,14-Jun,14-Jun,14-Jun,14-Jun,29,29,16-May,23-May,14-Jun,7,22,0,"female: red eyes, fresh; a male (red eyes, shrivelled-fresh) was found dead on the HR tray, and HR #15 male was missing and its container had a hole in the lid so the dead male is assumed to be the missing HR #15 male",0,,,,,,,,,,,,,0,,0,21,18,20,17,,16,22,,13,12,22,7,0,,,,,,,,,,,,,,,,,,,,,,,,,,,,,,,,,,,,,,,,,,,,,168,0,0,,
HR,5,16,HR16,24-Apr,16-May,14-Jul,14-Jul,14-Jul,14-Jul,59,59,24-Apr,16-May,24-26 Jun,23-Jun,24-Jun,26-Jun,39.5,41,16-May,23-May,26-Jun,7,34,0,"female: very dark red eyes, shrivelled-fresh",0,,,,,,,,,,,,,0,,0,19,12,12,8,,5,1,,0,0,8,0,1,3,1,,0,1,,,,,,,,,,,,,,,,,,,,,,,,,,,,,,,,,,,,,,,,71,0,0,,
HR,5,17,HR17,26-Apr,16-May,Jul 22-24,21-Jul,22-Jul,24-Jul,67.5,69,26-Apr,16-May,19-23-May,19-May,21-May,23-May,5,7,16-May,00-Jan,00-Jan,-42871,0,42878,"no food 19-23-May; male: balck eyes, very shrivelled",0,,,,,,,,,,,,,0,,0,0,0,,0,,,,,0,,,,,,,,,,,,,,,,,,,,,,,,,,,,,,,,,,,,,,,,,,,,,,,,,0,0,0,,
HR,5,18,HR18,26-Apr,16-May,24-26 Jun,23-Jun,24-Jun,26-Jun,39.5,41,26-Apr,16-May,20-Jun,20-Jun,20-Jun,20-Jun,35,35,16-May,23-May,16-Jun,7,24,4,"female wings not mature?; male: black eyes, shrivelled",0,,,,,,,,,,,,,0,,0,16,2,3,7,,10,23,,11,10,14,6,1,0,0,,,,,,,,,,,,,,,,,,,,,,,,,,,,,,,,,,,,,,,,,,,103,0,0,,
HR,5,19,HR19,26-Apr,17-May,8-10 Jul,07-Jul,08-Jul,10-Jul,52.5,54,26-Apr,17-May,29-Jun,29-Jun,29-Jun,29-Jun,43,43,17-May,23-May,26-May,6,3,34,"female: dark red eyes, shrivelled; no ephestia 7-10 July likely cause of male death",0,,,,,,,,,,,,,,,0,10,2,0,0,,0,0,,0,0,0,0,0,0,0,,0,0,,0,,0,,,,,,,,,,,,,,,,,,,,,,,,,,,,,,,,,,,,12,female died Jun 29 so bean was probably left in container as male-only and then pulled after the weekend when container became male-only-check,0,,
HR,5,20,HR20,28-Apr,17-May,MIA May 19-23,MIA May 19-23,MIA May 19-23,MIA May 19-23,#VALUE!,#VALUE!,24-Apr,17-May,MIA May 19,MIA May 19,MIA May 19,MIA May 19,#VALUE!,#VALUE!,17-May,00-Jan,00-Jan,-42872,0,#VALUE!,male very slow May 17; hole in lid,0,,,,,,,,,,,,,,,0,0,,,,,,,,,,,,,,,,,,,,,,,,,,,,,,,,,,,,,,,,,,,,,,,,,,,,,,,,,0,0,0,,
HR,5,21,HR21,26-Apr,17-May,27-Jul,27-Jul,27-Jul,27-Jul,71,71,26-Apr,17-May,Jul 15-17,14-Jul,15-Jul,17-Jul,59.5,61,17-May,23-May,26-Jun,6,34,21,"female: very dark red eyes, shrivelled; male: black eyes, shrivelled",0,,,,,,,,,,,,,,,0,2,0,0,0,,0,0,,0,21,3,2,4,2,3,,0,2,,0,0,0,,,0,0,,0,,0,0,,,,,,,,,,,,,,,,,,,,,,,,,,,39,0,0,,
HR,5,22,HR22,24-Apr,17-May,02-Aug,02-Aug,02-Aug,02-Aug,77,77,24-Apr,17-May,14-Jun,14-Jun,14-Jun,14-Jun,28,28,17-May,26-May,14-Jun,9,19,0,"male: dark red eyes, shrivelled-fresh",0,,,,,,,,,,,,,,,0,0,5,15,2,,5,4,,3,8,8,2,,,,,,,,,,,,,,,,,,,,,,,,,,,,,,,,,,,,,,,,,,,,,,52,0,0,,
HR,5,23,HR23,26-Apr,17-May,3-5-Jun,02-Jun,03-Jun,05-Jun,17.5,19,26-Apr,17-May,Jul 22-24,21-Jul,22-Jul,24-Jul,66.5,68,17-May,29-May,10-Jul,12,42,14,"male: eyes dark red, shrivelled; female: black eyes, shrivelled",0,,,,,,,,,,,,,,,0,0,0,1,0,,0,0,,1,11,6,0,4,2,0,,0,0,,0,1,1,,,0,1,,0,,0,0,,0,,0,0,,,,,,,,,,,,,,,,,,,,,,28,0,0,,
HR,5,24,HR24,26-Apr,17-May,19-21 Aug,18-Aug,19-Aug,21-Aug,94.5,96,26-Apr,17-May,23-Jun,23-Jun,23-Jun,23-Jun,37,37,17-May,23-May,16-Jun,6,24,7,"female: dark red eyes, shrivelled-fresh; male: red eyes, very shrivelled",0,,,,,,,,,,,,,,,0,9,9,12,8,,0,11,,4,5,4,3,2,0,0,,0,,,,,,,,,,,,,,,,,,,,,,,,,,,,,,,,,,,,,,,,,67,0,0,,
HR,5,25,HR25,26-Apr,17-May,5-8 Aug,04-Aug,06-Aug,08-Aug,81,83,24-Apr,17-May,30-Jun,30-Jun,30-Jun,30-Jun,44,44,17-May,23-May,23-Jun,6,31,7,"female: dark red eyes, fresh; male: black eyes, very shrivelled ",0,,,,,,,,,,,,,,,0,14,18,19,12,,0,3,,9,5,13,8,8,4,5,,4,0,,0,0,,,,,,,,,,,,,,,,,,,,,,,,,,,,,,,,,,,,,122,0,0,,
HR,5,26,HR26,26-Apr,17-May,21-Jul,21-Jul,21-Jul,21-Jul,65,65,26-Apr,16-May,Jul 15-17,14-Jul,15-Jul,17-Jul,60.5,62,17-May,23-May,30-Jun,6,38,17,"female: black eyes, very shrivelled; male: black eyes, very shrivelled",0,,,,,,,,,,,,,,,0,15,18,23,13,,15,14,,17,4,0,16,11,8,11,,10,14,,3,10,0,,,0,0,,0,,0,0,,,,,,,,,,,,,,,,,,,,,,,,,,,202,0,0,,
HR,5,27,HR27,28-Apr,18-May,Jul 22-24,21-Jul,22-Jul,24-Jul,65.5,67,24-Apr,18-May,5-8 Aug,04-Aug,06-Aug,08-Aug,80,82,18-May,23-May,21-Jul,5,59,18,"male: black eyes, very shrivelled; female: dark red eyes, fresh",0,,,,,,,,,,,,,,,0,11,13,19,9,,0,8,,7,3,10,7,12,13,6,,15,13,,11,6,16,,,11,13,,4,,0,0,,0,,1,0,,0,,0,0,,0,,0,0,,,,,,,,,,,,208,0,0,,
HR,5,28,HR28,28-Apr,18-May,00-Jan,00-Jan,00-Jan,00-Jan,-42873,-42873,28-Apr,18-May,26-May,26-May,26-May,26-May,8,8,18-May,26-May,05-Jun,8,10,-10,lid replaced May 23; container accidentally only had 2 females yet beans have eggs?; second female died June 6,0,,,,,,,,,,,,,,,0,0,5,,13,,4,4,0,,,,,,,,,,,,,,,,,,,,,,,,,,,,,,,,,,,,,,,,,,,,,,,,,,26,0,0,,
HR,5,29,HR29,28-Apr,18-May,20-Jul,20-Jul,20-Jul,20-Jul,63,63,28-Apr,18-May,Jul 15-17,14-Jul,15-Jul,17-Jul,58.5,60,18-May,23-May,26-Jun,5,34,21,"female: red eyes, shrivelled; male: black eyes, very srhivelled",0,,,,,,,,,,,,,,,0,4,4,9,3,,6,10,,8,8,13,8,9,5,6,,7,1,,0,0,0,,,0,0,,0,,0,0,,,,,,,,,,,,,,,,,,,,,,,,,,,101,0,0,,
HR,5,30,HR30,26-Apr,18-May,19-23-May,19-May,21-May,23-May,3,5,26-Apr,18-May,05-Jul,05-Jul,05-Jul,05-Jul,48,48,18-May,26-May,26-Jun,8,31,9,"female:dark red eyes, shrivelled",0,,,,,,,,,,,,,,,0,0,3,19,9,,10,19,,10,7,15,6,13,9,9,,0,1,,0,0,0,0,,,,,,,,,,,,,,,,,,,,,,,,,,,,,,,,,,,130,0,0,,
HR,5,31,HR31,26-Apr,18-May,19-23-May,19-May,21-May,23-May,3,5,26-Apr,18-May,Jul 29-31,28-Jul,29-Jul,31-Jul,72.5,74,18-May,26-May,10-Jul,8,45,21,"female: black eyes, shrivelled",0,,,,,,,,,,,,,,,0,0,7,10,6,,7,13,,31,9,10,8,4,10,5,,9,1,,3,2,4,,,1,2,,0,,0,0,,0,,0,0,,0,,0,0,,,,,,,,,,,,,,,,,142,0,0,,
HR,5,32,HR32,26-Apr,18-May,20-Jul,20-Jul,20-Jul,20-Jul,63,63,26-Apr,18-May,05-Jul,05-Jul,05-Jul,05-Jul,48,48,18-May,26-May,30-Jun,8,35,5,"female: black eyes, very shrivelled, abdomen segment with oviposito distened and separating from body; male: black eyes, shrivelled",0,,,,,,,,,,,,,,,0,0,2,9,10,,5,12,,13,12,12,18,16,17,9,,2,14,,0,2,0,,,0,,,,,,,,,,,,,,,,,,,,,,,,,,,,,,,,,153,0,0,,
HR,5,33,HR33,26-Apr,18-May,14-Jul,14-Jul,14-Jul,14-Jul,57,57,26-Apr,18-May,19-Jul,19-Jul,19-Jul,19-Jul,62,62,18-May,23-May,10-Jul,5,48,9,"female: red eyes, fresh",0,,,,,,,,,,,,,,,0,5,9,16,8,,8,4,,4,5,14,3,1,0,2,,1,4,,0,0,1,,,1,1,,0,,,0,,0,,,,,,,,,,,,,,,,,,,,,,,,,87,0,0,,
HR,5,34,HR34,26-Apr,18-May,12-14 Aug,11-Aug,12-Aug,14-Aug,86.5,88,26-Apr,18-May,14-Jul,14-Jul,14-Jul,14-Jul,57,57,18-May,26-May,26-Jun,8,31,18,"male: black eyes, very shrivelled",0,,,,,,,,,,,,,,,0,0,6,6,6,,4,11,,9,6,13,6,7,11,8,,8,9,,0,0,0,,,0,0,,0,,0,,,,,,,,,,,,,,,,,,,,,,,,,,,,110,0,0,,
HR,5,35,HR35,26-Apr,18-May,12-Jul,12-Jul,12-Jul,12-Jul,55,55,01-May,18-May,8-10 Jul,07-Jul,08-Jul,10-Jul,51.5,53,18-May,29-May,23-Jun,11,25,17,"didn’t have bean in container June 12-14; male: dark red eyes, very shrivelled",0,,,,,,,,,,,,,,,0,0,0,20,10,,15,22,,9,10,12,,19,8,8,,4,0,,0,0,0,,,0,0,,,,,,,,,,,,,,,,,,,,,,,,,,,,,,,,137,0,0,,
HR,5,36,HR36,01-May,18-May,Jul 15-17,14-Jul,15-Jul,17-Jul,58.5,60,03-May,18-May,16-19 Jun,16-Jun,17-Jun,19-Jun,30.5,32,18-May,26-May,16-Jun,8,21,3,"female: 18?; male: dark red eyes, fresh",0,,,,,,,,,,,,,,,0,0,1,4,6,,0,7,,1,4,9,6,5,0,,,,,,,,,,,,,,,,,,,,,,,,,,,,,,,,,,,,,,,,,,,,43,0,0,,
HR,5,37,HR37,01-May,18-May,Jul 29-31,28-Jul,29-Jul,31-Jul,72.5,74,26-Apr,16-May,14-Jul,14-Jul,14-Jul,14-Jul,59,59,18-May,23-May,07-Jul,5,45,7,"male: black eyes, very shrivelled",0,,,,,,,,,,,,,,,0,6,8,14,13,,5,17,,10,5,19,6,12,13,12,,4,5,,3,1,0,,,7,0,,0,,0,,,,,,,,,,,,,,,,,,,,,,,,,,,,160,0,0,,
LB,6,1,LB1,11-Apr,27-Apr,30-Jun,30-Jun,30-Jun,30-Jun,64,64,11-Apr,27-Apr,10-12 Jun,09-Jun,10-Jun,12-Jun,44.5,46,27-Apr,03-May,31-May,6,28,12,"female: dark red eyes, shivelled; male: black eyes, shrivelled",0,,,,,,0,2,1,4,3,20,1,16,,8,25,14,7,2,,0,0,,0,0,0,,,,,,,,,,,,,,,,,,,,,,,,,,,,,,,,,,,,,,,,,,,,,,,103,May 8-10 eggs laid on parafilm,0,,
LB,6,2,LB2,11-Apr,28-Apr,01-May,01-May,01-May,01-May,3,3,11-Apr,28-Apr,25-Aug,25-Aug,25-Aug,25-Aug,119,119,28-Apr,26-May,07-Jul,28,42,49,"female: black eyes, shrivelled",0,,,,,,0,0,0,0,0,0,0,0,,0,0,2,0,0,,0,0,,0,0,0,0,0,0,0,,0,0,,0,0,1,,,1,0,,0,,0,0,,0,,0,0,,0,,0,0,,0,,0,0,,0,0,0,0,0,0,0,,,,4,M died May 1; july 4-7 bean 1 egg possibly fell off another bean,0,,
LB,6,3,LB3,18-Apr,05-May,25-Jul,25-Jul,25-Jul,25-Jul,81,81,26-Apr,05-May,1-4 Jul,30-Jun,02-Jul,04-Jul,58,60,05-May,12-May,09-Jun,7,28,25,"female: 1st?; male: black eyes, very shrivelled","Replaced Date Matured from ""04-05 May"" to 05-May",,,,,,,,,0,0,7,0,6,,5,4,15,7,12,,5,8,,0,2,0,0,0,0,0,,0,0,,0,0,0,,,,,,,,,,,,,,,,,,,,,,,,,,,,,,,,,,,,71,0,0,,
LB,6,4,LB4,18-Apr,05-May,02-Aug,02-Aug,02-Aug,02-Aug,89,89,18-Apr,05-May,26-29-May,26-May,27-May,29-May,22.5,24,05-May,17-May,29-May,12,12,0,"male: black eyes, shrivelled","Replaced Date Matured from ""04-05 May"" to 05-May",,,,,,,,,0,0,0,0,9,,6,23,22,2,,,,0,,0,,,,,0,,,,,,,,,,,,,,,,,,,,,,,,,,,,,,,,,,,,,,,,,,,,62,0,0,,
LB,6,5,LB5,21-Apr,09-May,Jul 22-24,21-Jul,22-Jul,24-Jul,74.5,76,18-Apr,08-May,22-Jun,22-Jun,22-Jun,22-Jun,45,45,09-May,15-May,05-Jun,6,21,17,"female: dark red eyes, shrivelled; male: black eyes, very shrivelled",0,,,,,,,,,,0,0,11,8,,7,8,1,4,0,,0,1,,0,0,0,0,0,0,0,,0,,,,,,,,,,,,,,,,,,,,,,,,,,,,,,,,,,,,,,,,,40,Jun 2-5 egg could have fallen off different bean onto this one;,0,,
LB,6,6,LB6,18-Apr,09-May,19-Jul,19-Jul,19-Jul,19-Jul,71,71,18-Apr,09-May,2-5-Jun,02-Jun,03-Jun,05-Jun,25.5,27,09-May,15-May,02-Jun,6,18,3,"female: 3rd? Black eyes; male: black eyes, very shrivelled",0,,,,,,,,,,0,0,12,11,,15,19,8,15,3,,1,0,,0,,,,,0,,,,,,,,,,,,,,,,,,,,,,,,,,,,,,,,,,,,,,,,,,,,84,0,0,,
LB,6,7,LB7,18-Apr,10-May,Jul 15-17,14-Jul,15-Jul,17-Jul,66.5,68,21-Apr,10-May,14-Jul,14-Jul,14-Jul,14-Jul,65,65,10-May,26-Jun,28-Jun,47,2,16,"male: black eyes, very shrivelled",0,,,,,,,,,,,0,0,0,,0,0,0,0,0,,0,0,,0,0,0,0,0,0,0,,0,2,,1,0,0,,,0,0,,0,,0,,,,,,,,,,,,,,,,,,,,,,,,,,,,3,0,0,,
LB,6,8,LB8,21-Apr,10-May,07-Jul,07-Jul,07-Jul,07-Jul,58,58,21-Apr,10-May,31-May,31-May,31-May,31-May,21,21,10-May,17-May,29-May,7,12,2,"male: red eyes, fresh",0,,,,,,,,,,,0,0,19,,18,29,8,9,0,,0,0,,0,,,,,,,,,,,,,,,,,,,,,,,,,,,,,,,,,,,,,,,,,,,,,,,,,83,0,0,,
LB,6,9,LB9,21-Apr,11-May,Jul 22-24,21-Jul,22-Jul,24-Jul,72.5,74,21-Apr,11-May,10-12 Jun,09-Jun,10-Jun,12-Jun,30.5,32,11-May,17-May,12-Jun,6,26,0,"female: red eyes, shrivelled; male: dark red eyes, shrivelled",0,,,,,,,,,,,0,0,3,,10,0,22,27,3,,0,2,,3,0,5,,,,,,,,,,,,,,,,,,,,,,,,,,,,,,,,,,,,,,,,,,,,,,,75,0,0,,
LB,6,10,LB10,21-Apr,11-May,24-26 Jun,23-Jun,24-Jun,26-Jun,44.5,46,21-Apr,11-May,Jul 15-17,14-Jul,15-Jul,17-Jul,65.5,67,11-May,17-May,23-Jun,6,37,24,"male: 24th?; female: dark red eyes, shrivelled",0,,,,,,,,,,,0,0,4,,0,11,17,21,16,,14,27,,16,11,21,14,16,22,8,,1,0,,0,0,0,,,0,0,,0,,0,0,,,,,,,,,,,,,,,,,,,,,,,,,,,219,0,0,,
LB,6,11,LB11,24-Apr,11-May,18-Jul,18-Jul,18-Jul,18-Jul,68,68,21-Apr,11-May,2-5-Jun,02-Jun,03-Jun,05-Jun,23.5,25,11-May,17-May,31-May,6,14,5,"female: maybe 4th? Red eyes; male: black eyes, shrivelled",0,,,,,,,,,,,0,0,2,,0,0,5,7,5,,0,0,,0,,,,,,,,,,,,,,,,,,,,,,,,,,,,,,,,,,,,,,,,,,,,,,,,,19,0,0,,
LB,6,12,LB12,21-Apr,09-May,8-10 Jul,07-Jul,08-Jul,10-Jul,60.5,62,21-Apr,11-May,08-Jun,08-Jun,08-Jun,08-Jun,28,28,11-May,17-May,29-May,6,12,10,"female: dark red eyes, shivelled; male: dark red eyes, shrivelled",0,,,,,,,,,,,0,0,15,,0,23,13,16,0,,0,0,,0,0,,,,,,,,,,,,,,,,,,,,,,,,,,,,,,,,,,,,,,,,,,,,,,,,67,0,0,,
LB,6,13,LB13,21-Apr,09-May,5-8 Aug,04-Aug,06-Aug,08-Aug,89,91,18-Apr,11-May,30-Jun,30-Jun,30-Jun,30-Jun,50,50,11-May,17-May,16-Jun,6,30,14,"male: black eyes, very shrivelled",0,,,,,,,,,,,0,0,14,,17,23,20,19,12,,0,28,,9,2,1,3,4,0,0,,0,0,,0,0,,,,,0,,,,,,,,,,,,,,,,,,,,,,,,,,,,,,,,152,0,0,,
LB,6,14,LB14,21-Apr,09-May,Jul 22-24,21-Jul,22-Jul,24-Jul,74.5,76,24-Apr,11-May,11-Jul,11-Jul,11-Jul,11-Jul,61,61,11-May,17-May,19-Jun,6,33,22,"female: black eyes, shrivelled; male: dark red eyes, very shrivelled",0,,,,,,,,,,,0,0,9,,16,24,20,21,13,,0,6,,6,4,9,5,4,7,0,,0,0,,0,0,0,,,0,0,,0,,,,,,,,,,,,,,,,,,,,,,,,,,,,,,144,0,0,,
LB,6,15,LB15,21-Apr,12-May,Jul 29-31,28-Jul,29-Jul,31-Jul,78.5,80,21-Apr,12-May,01-Jun,01-Jun,01-Jun,01-Jun,20,20,12-May,17-May,07-Jun,5,21,-6,"male: black eyes, shrivelled",0,,,,,,,,,,,,0,1,,12,2,24,15,18,,0,0,,2,,,,,,,,,,,,,,,,,,,,,,,,,,,,,,,,,,,,,,,,,,,,,,,,,74,0,0,,
LB,6,16,LB16,21-Apr,12-May,Jul 29-31,28-Jul,29-Jul,31-Jul,78.5,80,21-Apr,11-May,10-12 Jun,09-Jun,10-Jun,12-Jun,30.5,32,12-May,05-Jun,07-Jun,24,2,5,"female: black eyes, very shrivelled; male: black eyes, very shrivelled",0,,,,,,,,,,,,0,0,,0,0,0,0,0,,0,1,,1,0,0,,,,,,,,,,,,,,,,,,,,,,,,,,,,,,,,,,,,,,,,,,,,,,,2,0,0,,
LB,6,17,LB17,21-Apr,12-May,00-Jan,00-Jan,00-Jan,00-Jan,-42867,-42867,21-Apr,11-May,00-Jan,00-Jan,00-Jan,00-Jan,-42866,-42866,12-May,17-May,23-May,5,6,-42878,second female got into arena May 25,0,,,,,,,,,,,,0,9,,19,22,,,,,,,,,,,,,,,,,,,,,,,,,,,,,,,,,,,,,,,,,,,,,,,,,,,,,,,,,50,0,0,,
LB,6,18,LB18,21-Apr,12-May,Jul 22-24,21-Jul,22-Jul,24-Jul,71.5,73,21-Apr,11-May,30-May,30-May,30-May,30-May,19,19,12-May,17-May,31-May,5,14,-1,"male: dark red eyes, shrivelled",0,,,,,,,,,,,,0,5,,6,8,15,9,3,,0,0,,0,,,,,,,,,,,,,,,,,,,,,,,,,,,,,,,,,,,,,,,,,,,,,,,,,46,0,0,,
LB,6,19,LB19,21-Apr,12-May,MIA 23-May,MIA 23-May,MIA 23-May,MIA 23-May,#VALUE!,#VALUE!,21-Apr,12-May,MIA 3-5-Jun,MIA 2-Jun,MIA 2-Jun,MIA 3-5-Jun,#VALUE!,#VALUE!,12-May,23-May,31-May,11,8,#VALUE!,0,0,,,,,,,,,,,,0,0,,0,23,4,7,4,,0,0,,,,,,,,,,,,,,,,,,,,,,,,,,,,,,,,,,,,,,,,,,,,,,,,,,,38,0,0,,
LB,6,20,LB20,24-Apr,12-May,12-14 Aug,11-Aug,12-Aug,14-Aug,92.5,94,24-Apr,12-May,12-Jul,12-Jul,12-Jul,12-Jul,61,61,12-May,19-May,19-Jun,7,31,23,"female: dark red eyes, fresh; male: black eyes, very shrivelled ",0,,,,,,,,,,,,0,0,,10,25,20,19,18,,1,17,,0,5,6,8,2,9,0,,0,0,,0,0,0,,,0,0,,0,,,,,,,,,,,,,,,,,,,,,,,,,,,,,,140,0,0,,
LB,6,21,LB21,26-Apr,16-May,5-8 Aug,04-Aug,06-Aug,08-Aug,82,84,24-Apr,16-May,29-Jun,29-Jun,29-Jun,29-Jun,44,44,16-May,26-May,28-Jun,10,33,1,"female: black eyes, very shrivelled; male: black eyes, shrivelled",0,,,,,,,,,,,,,0,,0,0,20,0,17,,20,21,,10,17,16,20,16,23,10,,6,15,,3,0,,,,,0,,,,,,,,,,,,,,,,,,,,,,,,,,,,,,,,214,0,0,,
LB,6,22,LB22,26-Apr,16-May,Jul 22-24,21-Jul,22-Jul,24-Jul,67.5,69,24-Apr,16-May,Jul 15-17,14-Jul,15-Jul,17-Jul,60.5,62,16-May,23-May,26-Jun,7,34,21,"Dropped female on floor with bean 19-May looks okay, but check fecundity #s; female:dark red eyes, shrivelled; male: dark red eyes, shrivelled",0,,,,,,,,,,,,,0,,0,6,7,30,17,,10,5,,12,12,19,13,13,17,13,,8,2,,0,0,0,,,0,0,,0,,0,0,,,,,,,,,,,,,,,,,,,,,,,,,,,184,0,0,,
LB,6,23,LB23,26-Apr,16-May,19-Jul,19-Jul,19-Jul,19-Jul,64,64,24-Apr,16-May,Jul 15-17,14-Jul,15-Jul,17-Jul,60.5,62,16-May,23-May,28-Jun,7,36,19,"female: red eyes, shrivelled; male: black eyes, shrivelled",0,,,,,,,,,,,,,0,,0,14,14,15,10,,8,11,,15,8,17,10,7,16,3,,0,6,,2,0,0,,,0,0,,0,,0,0,,,,,,,,,,,,,,,,,,,,,,,,,,,156,0,0,,
LB,6,24,LB24,01-May,16-May,12-14 Aug,11-Aug,12-Aug,14-Aug,88.5,90,24-Apr,16-May,Jul 22-24,21-Jul,22-Jul,24-Jul,67.5,69,16-May,26-May,04-Jul,10,39,20,"female: dark red eyes, fresh; male: dark red eyes, very shrivelled",0,,,,,,,,,,,,,,,0,0,17,15,13,,9,25,,14,11,18,14,16,25,15,,16,19,,10,12,4,,,0,0,,0,,0,0,,0,,0,0,,,,,,,,,,,,,,,,,,,,,,253,0,0,,
LB,6,25,LB25,21-Apr,16-May,06-Jul,06-Jul,06-Jul,06-Jul,51,51,21-Apr,16-May,18-Jul,18-Jul,18-Jul,18-Jul,63,63,16-May,23-May,10-Jul,7,48,8,"female: black eyes, shrivelled",0,,,,,,,,,,,,,,,0,9,20,13,14,,9,1,,6,7,13,0,10,8,0,,0,0,,2,0,0,,,0,1,,0,,0,0,0,,,,,,,,,,,,,,,,,,,,,,,,,,113,0,0,,
LB,6,26,LB26,28-Apr,16-May,12-14 Aug,11-Aug,12-Aug,14-Aug,88.5,90,24-Apr,16-May,Jul 15-17,14-Jul,15-Jul,17-Jul,60.5,62,16-May,23-May,04-Jul,7,42,13,"female: red eyes, shrivelled; male: black eyes, very shrivelled",0,,,,,,,,,,,,,,,0,12,5,0,14,,5,28,,11,15,8,6,10,27,8,,8,7,,3,3,3,,,0,0,,0,,0,0,,,,,,,,,,,,,,,,,,,,,,,,,,,173,0,0,,
LB,6,27,LB27,26-Apr,18-May,15-17 Jul,14-Jul,15-Jul,17-Jul,58.5,60,24-Apr,18-May,19-Jul,19-Jul,19-Jul,19-Jul,62,62,18-May,23-May,23-Jun,5,31,26,"male: black eyes, very shrivelled; female: black eyes, shrivelled",0,,,,,,,,,,,,,,,0,9,19,19,16,,4,21,,9,18,20,12,14,8,5,,6,0,,0,0,0,,,0,0,,0,,0,0,,0,,,,,,,,,,,,,,,,,,,,,,,,,180,0,0,,
LB,6,28,LB28,26-Apr,18-May,8-10 Jul,07-Jul,08-Jul,10-Jul,51.5,53,26-Apr,18-May,20-Jun,20-Jun,20-Jun,20-Jun,33,33,18-May,23-May,07-Jun,5,15,13,"female: very dark red eyes, fresh; male: dark red eyes, very shrivelled",0,,,,,,,,,,,,,,,0,5,10,20,13,,13,11,,11,0,0,0,0,0,,,0,,,,,,,,,,,,,,,,,,,,,,,,,,,,,,,,,,,,,,,,,83,0,0,,
LB,6,29,LB29,26-Apr,18-May,01-Aug,01-Aug,01-Aug,01-Aug,75,75,26-Apr,18-May,Jul 29-31,28-Jul,29-Jul,31-Jul,72.5,74,18-May,23-May,17-Jul,5,55,14,"female: dark red eyes, shrivelled; male: black eyes, shrivelled-fresh",0,,,,,,,,,,,,,,,0,2,21,17,13,,11,17,,17,10,19,11,11,16,10,,6,17,,10,9,17,,,11,8,,0,,1,1,,0,,0,0,,0,,0,0,,,,,,,,,,,,,,,,,255,0,0,,
LB,6,30,LB30,28-Apr,18-May,01-Aug,01-Aug,01-Aug,01-Aug,75,75,28-Apr,18-May,07-Jul,07-Jul,07-Jul,07-Jul,50,50,18-May,26-May,16-Jun,8,21,21,"female: dark red eyes, shrivelled; male: black eyes, very shrivelled",0,,,,,,,,,,,,,,,0,0,8,20,15,,13,16,,10,14,13,11,5,0,0,,0,0,,0,0,0,,,0,,,,,,,,,,,,,,,,,,,,,,,,,,,,,,,,,125,0,0,,
LB,6,31,LB31,28-Apr,18-May,11-Jul,11-Jul,11-Jul,11-Jul,54,54,28-Apr,18-May,05-Jul,05-Jul,05-Jul,05-Jul,48,48,18-May,26-May,30-Jun,8,35,5,"female: very dark red eyes, shrivelled; male: black eyes, very shrivelled; ""male died July 11"" was written in #30,corrected on Aug 1",0,,,,,,,,,,,,,,,0,0,17,10,14,,10,23,,4,0,0,0,0,1,0,,0,0,,0,1,0,,,,0,,,,,,,,,,,,,,,,,,,,,,,,,,,,,,,,80,0,0,,
LB,6,32,LB32,01-May,18-May,11-Sep,11-Sep,11-Sep,11-Sep,116,116,01-May,18-May,5-8 Aug,04-Aug,06-Aug,08-Aug,80,82,18-May,23-May,17-Jul,5,55,22,"female: black eyes, shrivelled",0,,,,,,,,,,,,,,,0,7,13,8,7,,3,5,,19,12,9,21,16,19,7,,16,8,,7,4,3,,,1,0,,0,,0,1,,0,,0,0,,0,,0,0,,0,,0,0,,,,,,,,,,,,186,0,0,,
LB,6,33,LB33,01-May,18-May,16-Aug,16-Aug,16-Aug,16-Aug,90,90,01-May,18-May,14-Jun,14-Jun,14-Jun,14-Jun,27,27,18-May,23-May,07-Jun,5,15,7,"female:red eyes, shrivelled; male: black eyes, shrivelled",0,,,,,,,,,,,,,,,0,7,13,9,15,,2,0,,8,0,0,0,,,,,,,,,,,,,,,,,,,,,,,,,,,,,,,,,,,,,,,,,,,,,,54,0,0,,
LB,6,34,LB34,01-May,18-May,23-Jun,23-Jun,23-Jun,23-Jun,36,36,28-Apr,18-May,5-8 Aug,04-Aug,06-Aug,08-Aug,80,82,18-May,26-May,17-Jul,8,52,22,"male: dark red eyes, shrivelled; female: black eyes, shrivelled",0,,,,,,,,,,,,,,,0,0,6,21,13,,13,12,,3,11,14,4,14,13,6,,6,11,,3,10,18,,,12,12,,5,,11,6,,0,,0,0,,0,,0,0,,0,,0,0,,,,,,,,,,,,224,0,0,,
LB,6,35,LB35,01-May,18-May,Jul 15-17,14-Jul,15-Jul,17-Jul,58.5,60,28-Apr,18-May,8-10 Jul,07-Jul,08-Jul,10-Jul,51.5,53,18-May,23-May,21-Jun,5,29,19,"female: dark red eyes, shrivelled; male: red eyes, shrivelled",0,,,,,,,,,,,,,,,0,1,20,14,16,,10,15,,3,7,16,12,9,8,2,,0,0,,0,0,0,,,0,0,,,,,,,,,,,,,,,,,,,,,,,,,,,,,,,,133,0,0,,
LB,6,36,LB36,01-May,18-May,26-Jul,26-Jul,26-Jul,26-Jul,69,69,28-Apr,18-May,06-Jul,06-Jul,06-Jul,06-Jul,49,49,18-May,23-May,26-Jun,5,34,10,"male: dark red eyes, very shrivelled",0,,,,,,,,,,,,,,,0,3,19,25,15,,9,27,,11,16,18,16,11,23,10,,1,17,,0,0,0,,,,0,,,,,,,,,,,,,,,,,,,,,,,,,,,,,,,,221,0,0,,
LB,6,37,LB37,01-May,18-May,27-Jul,27-Jul,27-Jul,27-Jul,70,70,28-Apr,18-May,1-4 Jul,30-Jun,02-Jul,04-Jul,45,47,18-May,23-May,23-Jun,5,31,11,"female: 1st?; male: dark red eyes, shrivelled",0,,,,,,,,,,,,,,,0,7,14,21,12,,12,11,,13,0,15,11,9,1,0,,8,0,,0,0,0,,,,,,,,,,,,,,,,,,,,,,,,,,,,,,,,,,,,134,0,0,,
LB,6,38,LB38,01-May,18-May,16-Aug,16-Aug,16-Aug,16-Aug,90,90,21-Apr,16-May,30-Jun,30-Jun,30-Jun,30-Jun,45,45,18-May,26-May,21-Jun,8,26,9,"female: very shrivelled, red eyes; male: red eyes, shrivelled",0,,,,,,,,,,,,,,,0,0,1,0,5,,12,14,,8,8,8,1,7,14,1,,0,0,,0,0,,,,,,,,,,,,,,,,,,,,,,,,,,,,,,,,,,,,,79,0,0,,
LB,6,39,LB39,01-May,18-May,00-Jan,00-Jan,00-Jan,00-Jan,-42873,-42873,21-Apr,16-May,00-Jan,00-Jan,00-Jan,00-Jan,-42871,-42871,18-May,23-May,31-May,5,8,-42886,found 2 females + 1 male on May 31 (hole in lid) put them back in the colony,0,,,,,,,,,,,,,,,0,5,14,21,18,,,,,,,,,,,,,,,,,,,,,,,,,,,,,,,,,,,,,,,,,,,,,,,,,,,,,,58,found 2 females and 1 male on May 31 (hole in lid) -> put back into colony,0,,
LB,6,40,LB40,01-May,18-May,20-Jul,20-Jul,20-Jul,20-Jul,63,63,21-Apr,16-May,8-10 Jul,07-Jul,08-Jul,10-Jul,53.5,55,18-May,26-May,30-Jun,8,35,10,"female: dark red eyes, fresh; male: dark red eyes, shrivelled",0,,,,,,,,,,,,,,,0,0,3,6,2,,4,4,,0,9,5,1,3,8,11,,7,13,,8,4,0,,,0,0,,,,,,,,,,,,,,,,,,,,,,,,,,,,,,,,88,0,0,,
LR,7,1,LR1,11-Apr,02-May,05-May,05-May,05-May,05-May,3,3,11-Apr,02-May,27-Jul,27-Jul,27-Jul,27-Jul,86,86,02-May,12-Jun,12-Jun,41,0,45,"male lethargic/not moving much on May 2; female: red eyes, fresh",0,,,,,,,0,0,0,0,0,0,0,,0,0,0,0,0,,0,0,,0,0,1,0,0,0,0,,0,0,,0,0,0,,,0,0,,0,,0,0,,0,,0,0,,0,0,,,,,,,,,,,,,,,,,,,1,M died May 5,"HPS Jun 7-9 was mixed up with LR Jun 7-9, so was switched based on 'fit' of data",,
LR,7,2,LR2,18-Apr,10-May,8-10 Jul,07-Jul,08-Jul,10-Jul,59.5,61,18-Apr,10-May,26-29-May,26-May,27-May,29-May,17.5,19,10-May,00-Jan,00-Jan,-42865,0,42884,"male: black eyes, shrivelled",0,,,,,,,,,,,,0,0,,0,0,0,0,0,,0,0,,0,,,,,,,,,,,,,,,,,,,,,,,,,,,,,,,,,,,,,,,,,,,,,,,,,0,0,0,,
LR,7,3,LR3,24-Apr,11-May,09-Jun,09-Jun,09-Jun,09-Jun,29,29,18-Apr,10-May,24-26 Jun,23-Jun,24-Jun,26-Jun,45.5,47,11-May,23-May,02-Jun,12,10,24,0,0,,,,,,,,,,,,0,0,,0,18,9,0,0,,1,0,,0,0,0,0,0,0,0,,0,0,,,,,,,,,,,,,,,,,,,,,,,,,,,,,,,,,,,,,,,,28,0,0,,
LR,7,4,LR4,21-Apr,11-May,2-5-Jun,02-Jun,03-Jun,05-Jun,23.5,25,21-Apr,11-May,06-Jul,06-Jul,06-Jul,06-Jul,56,56,11-May,19-May,26-Jun,8,38,10,"female: dark red eyes, shrivelled",0,,,,,,,,,,,,0,0,,17,32,29,12,12,,10,15,,10,13,18,9,12,18,8,,8,3,,0,0,0,,0,,,,,,,,,,,,,,,,,,,,,,,,,,,,,,,,,,226,0,0,,
LR,7,5,LR5,24-Apr,11-May,17-May,17-May,17-May,17-May,6,6,18-Apr,11-May,8-10 Jul,07-Jul,08-Jul,10-Jul,58.5,60,11-May,23-May,26-Jun,12,34,14,"female: dark red eyes, shrivelled-fresh",0,,,,,,,,,,,,0,0,,0,9,8,2,0,,0,0,,0,0,0,0,0,0,0,,0,5,,0,0,0,,,0,0,,,,,,,,,,,,,,,,,,,,,,,,,,,,,,,,24,0,0,,
LR,7,6,LR6,24-Apr,12-May,09-Jun,09-Jun,09-Jun,09-Jun,28,28,24-Apr,12-May,15-May,15-May,15-May,15-May,3,3,12-May,07-Jun,07-Jun,26,0,-23,0,0,,,,,,,,,,,,0,,,,,0,0,,,,0,,2,,,,,,,,,,,,,,,,,,,,,,,,,,,,,,,,,,,,,,,,,,,,,,,,,2,Jun 5-7 2 beans possibly fell off another bean onto that one.,0,,
LR,7,7,LR7,24-Apr,16-May,21-Jul,21-Jul,21-Jul,21-Jul,66,66,24-Apr,16-May,14-Jul,14-Jul,14-Jul,14-Jul,59,59,16-May,26-May,07-Jul,10,42,7,"male: balck eyes, very shrivelled",0,,,,,,,,,,,,,0,,0,0,3,9,7,,7,11,,3,10,5,9,2,8,3,,2,6,,0,0,0,,,1,0,,0,,0,,,,,,,,,,,,,,,,,,,,,,,,,,,,86,0,0,,
LR,7,8,LR8,28-Apr,16-May,1-4 Jul,30-Jun,02-Jul,04-Jul,47,49,21-Apr,16-May,14-Jul,14-Jul,14-Jul,14-Jul,59,59,16-May,23-May,04-Jul,7,42,10,male: 2nd?,0,,,,,,,,,,,,,0,,0,16,23,16,12,,5,1,,4,9,13,15,7,17,0,,0,0,,0,0,1,,,0,0,,0,,0,,,,,,,,,,,,,,,,,,,,,,,,,,,,139,jun30-july4 bean 1 egg possibly fell off another bean,0,,
LR,7,9,LR9,24-Apr,16-May,19-Jul,19-Jul,19-Jul,19-Jul,64,64,24-Apr,16-May,19-23-May,19-May,21-May,23-May,5,7,16-May,00-Jan,00-Jan,-42871,0,42878,"male: black eyes, shrivelled-fresh",0,,,,,,,,,,,,,0,,0,0,,0,0,,,0,,0,,,,,,,,,,,,,,,,,,,,,,,,,,,,,,,,,,,,,,,,,,,,,,,,,0,"May 23-26 likely 0, as the female was already dead so bean was not counted",0,,
LR,7,10,LR10,26-Apr,16-May,03-Aug,03-Aug,03-Aug,03-Aug,79,79,24-Apr,16-May,04-Aug,04-Aug,04-Aug,04-Aug,80,80,16-May,29-May,12-Jul,13,44,23,"female hurt by lid July 7; male: black eyes, shrivelled; female: black eyes, shrivelled",0,,,,,,,,,,,,,0,,0,0,0,22,13,,14,24,,14,15,18,13,11,17,8,,15,19,,10,11,20,,,17,14,,3,,0,0,,0,,0,0,,0,,0,0,,0,,0,,,,,,,,,,,,,278,0,0,,
LR,7,11,LR11,24-Apr,16-May,MIA 19-23-May,MIA 19-May,MIA 19-May,MIA 19-23-May,#VALUE!,#VALUE!,24-Apr,16-May,8-10 Jul,07-Jul,08-Jul,10-Jul,53.5,55,16-May,23-May,10-Jul,7,48,0,0,0,,,,,,,,,,,,,0,,0,23,0,5,6,,3,9,,5,4,8,2,4,1,4,,0,6,,0,0,1,,,0,2,,,,,,,,,,,,,,,,,,,,,,,,,,,,,,,,83,"Jun 16-19 1 egg may not have actually been an egg it looked ""inverted"";",0,,
LR,7,12,LR12,24-Apr,17-May,13-Jun,13-Jun,13-Jun,13-Jun,27,27,24-Apr,17-May,1-4 Jul,30-Jun,02-Jul,04-Jul,46,48,17-May,23-May,05-Jun,6,13,29,"female: red eyes, very shrivelled",0,,,,,,,,,,,,,,,0,10,8,3,11,,7,5,,0,0,0,0,0,0,0,,0,0,,0,0,0,,,,,,,,,,,,,,,,,,,,,,,,,,,,,,,,,,,,44,0,0,,
LR,7,13,LR13,26-Apr,17-May,10-Aug,10-Aug,10-Aug,10-Aug,85,85,26-Apr,17-May,22-Jun,22-Jun,22-Jun,22-Jun,36,36,17-May,02-Jun,21-Jun,16,19,1,"female: red eyes, fresh; male: black eyes, shrivelled",0,,,,,,,,,,,,,,,0,0,0,0,0,,1,4,,7,14,12,11,10,15,6,,0,,,,,,,,,,,,,,,,,,,,,,,,,,,,,,,,,,,,,,,,,80,0,0,,
LR,7,14,LR14,28-Apr,17-May,MIA May 31,MIA May 31,MIA May 31,MIA May 31,#VALUE!,#VALUE!,24-Apr,17-May,8-10 Jul,07-Jul,08-Jul,10-Jul,52.5,54,17-May,26-May,07-Jul,9,42,3,male escaped though lid; female injured May 31; ,0,,,,,,,,,,,,,,,0,0,17,6,2,,4,4,,0,6,10,6,6,10,9,,0,1,,0,0,0,,,1,0,,,,,,,,,,,,,,,,,,,,,,,,,,,,,,,,82,0,0,,
LR,7,15,LR15,28-Apr,17-May,12-Jul,12-Jul,12-Jul,12-Jul,56,56,24-Apr,17-May,12-Jul,12-Jul,12-Jul,12-Jul,56,56,17-May,23-May,23-Jun,6,31,19,"female: balck eyes, shrivelled; male: black eyes, fresh",0,,,,,,,,,,,,,,,0,8,15,21,13,,14,23,,14,11,8,0,15,7,13,,1,0,,0,0,0,,,0,0,,0,,,,,,,,,,,,,,,,,,,,,,,,,,,,,,163,0,0,,
LR,7,16,LR16,01-May,18-May,5-8 Aug,04-Aug,06-Aug,08-Aug,80,82,01-May,18-May,5-8 Aug,04-Aug,06-Aug,08-Aug,80,82,18-May,26-May,26-Jun,8,31,43,"male: black eyes, very shrivelled; female: black eyes, shrivelled-fresh",0,,,,,,,,,,,,,,,0,0,6,12,0,,9,18,,4,1,12,6,7,0,2,,1,1,,0,0,0,,,0,0,,0,,0,0,,0,,0,0,,0,,0,0,,0,,0,0,,,,,,,,,,,,79,"May 23-26 count could be either 4 or 6 (there were 2 counts for #16, one of which is likely #21 as #21 was set up on May 16 (and along with #9 was the only unaccounted-for bean) so ""16"" was likely written on the #21 bean by mistake.)",0,,
LR,7,17,LR17,01-May,18-May,19-23-May,19-May,21-May,23-May,3,5,01-May,18-May,12-Sep,12-Sep,12-Sep,12-Sep,117,117,18-May,00-Jan,00-Jan,-42873,0,42990,0,0,,,,,,,,,,,,,,,0,0,0,0,0,,0,0,,0,0,0,0,0,0,0,,0,,,0,0,0,,,0,0,,0,,0,0,,0,,0,0,,0,,0,0,,0,,0,0,,0,0,0,0,0,0,0,0,0,0,0,Jun 23-26 container didn’t have a bean in it,0,,
LR,7,18,LR18,01-May,18-May,Jul 15-17,14-Jul,15-Jul,17-Jul,58.5,60,01-May,18-May,10-Aug,10-Aug,10-Aug,10-Aug,84,84,18-May,26-May,28-Jun,8,33,43,"female: dark red eyes, shrivelled-fresh; male: black eyes, very shrivelled",0,,,,,,,,,,,,,,,0,0,22,23,8,,21,18,,14,13,20,17,8,22,2,,2,8,,1,0,0,,,0,0,,0,,0,0,,0,,0,0,,0,,0,0,,0,,0,0,0,,,,,,,,,,,199,0,0,,
LR,7,19,LR19,01-May,18-May,2-5 Sep,01-Sep,03-Sep,05-Sep,108,110,03-May,18-May,Jul 15-17,14-Jul,15-Jul,17-Jul,58.5,60,18-May,23-May,28-Jun,5,36,19,"female: black eyes, shrivelled",0,,,,,,,,,,,,,,,0,9,16,9,9,,13,11,,11,8,9,5,5,13,4,,3,0,,1,0,0,,,0,0,,0,,0,0,,,,,,,,,,,,,,,,,,,,,,,,,,,126,0,0,,
LR,7,20,LR20,26-Apr,18-May,28-Jun,Squished 28-Jun,Squished 28-Jun,Squished 28-Jun,#VALUE!,#VALUE!,21-Apr,18-May,20-Jul,20-Jul,20-Jul,20-Jul,63,63,18-May,26-May,10-Jul,8,45,10,"male killed; female: dark red eyes, shrivelled, looked a little damaged;",0,,,,,,,,,,,,,,,0,0,12,6,7,,6,5,,12,4,15,12,14,21,10,,9,6,,9,3,4,,,3,1,,0,,0,0,,0,0,,,,,,,,,,,,,,,,,,,,,,,,159,0,0,,
LR,7,21,LR21,26-Apr,18-May,04-Aug,04-Aug,04-Aug,04-Aug,78,78,26-Apr,18-May,Jul 15-17,14-Jul,15-Jul,17-Jul,58.5,60,18-May,26-May,28-Jun,8,33,19,"female: black eyes, shrivelled; male twitching and stuck to wall of container and injured wind in handelling Aug 3; male: black eyes, very shrivelled",0,,,,,,,,,,,,,,,0,0,4,13,5,,7,16,,3,8,17,6,8,15,9,,7,10,,7,0,0,,,0,0,,0,,0,0,,,,,,,,,,,,,,,,,,,,,,,,,,,135,May 23-26 count could be either 4 or 6.,0,,
LR,7,22,LR22,26-Apr,18-May,07-Jul,07-Jul,07-Jul,07-Jul,50,50,26-Apr,18-May,06-Jul,06-Jul,06-Jul,06-Jul,49,49,18-May,29-May,04-Jul,11,36,2,"female: black eyes, shrivelled",0,,,,,,,,,,,,,,,0,0,0,4,5,,9,17,,9,14,18,9,9,16,8,,13,14,,8,6,15,,,0,,,,,,,,,,,,,,,,,,,,,,,,,,,,,,,,,174,0,0,,
LR,7,23,LR23,26-Apr,18-May,19-21 Aug,18-Aug,19-Aug,21-Aug,93.5,95,28-Apr,18-May,01-Aug,01-Aug,01-Aug,01-Aug,75,75,18-May,29-May,07-Jul,11,39,25,"female: black eyes, very shrivelled; male: black eyes, shrivelled",0,,,,,,,,,,,,,,,0,0,0,13,14,,15,21,,8,15,12,20,8,6,15,,0,6,,8,0,0,,,1,0,,0,,0,0,,0,,0,0,,0,,0,0,,0,,,,,,,,,,,,,,,162,Jul 12-14 was actually writen on data sheet as #22 but #22 trail was actually finished so is liekly writtten wrong ans hsould be #23,0,,
LR,7,24,LR24,28-Apr,18-May,23-Aug,23-Aug,23-Aug,23-Aug,97,97,28-Apr,18-May,8-10 Jul,07-Jul,08-Jul,10-Jul,51.5,53,18-May,26-May,19-Jun,8,24,21,"male: black eyes, very shrivelled",0,,,,,,,,,,,,,,,0,0,10,3,9,,6,2,,0,0,0,2,0,1,0,,0,0,,0,0,0,,,0,0,,,,,,,,,,,,,,,,,,,,,,,,,,,,,,,,33,Jun 16-19 1 egg possibly fell of another bean,0,,
LR,7,25,LR25,28-Apr,18-May,00-Jan,00-Jan,00-Jan,00-Jan,-42873,-42873,28-Apr,18-May,01-Aug,01-Aug,01-Aug,01-Aug,75,75,18-May,23-May,17-Jul,5,55,15,"had 2 males and 1 female, second male probably entered through small hole in lid May 30; Male ""A"" died June 2; Male ""B"" died 24-26 Jun, very dark red eyes, very shrivelled; female: black eyes, very shrivelled",0,,,,,,,,,,,,,,,0,5,15,17,11,,8,13,,10,9,,28,8,13,10,,7,15,,0,6,6,,,4,6,,3,,1,2,,0,,0,0,,0,,0,0,0,,,,,,,,,,,,,,,,197,Jun 9-12 possible not changed and then pulled Jun 12-14?;,0,,
LR,7,26,LR26,28-Apr,18-May,14-Jul,14-Jul,14-Jul,14-Jul,57,57,28-Apr,18-May,12-Jul,12-Jul,12-Jul,12-Jul,55,55,18-May,26-May,04-Jul,8,39,8,"female: black eyes, shrivelled",0,,,,,,,,,,,,,,,0,0,11,16,5,,17,18,,8,1,5,7,6,9,1,,10,13,,11,0,1,,,0,0,,0,,,,,,,,,,,,,,,,,,,,,,,,,,,,,,139,"May 31 - Jun 2 there were 2 #28 beans and no #26 bean, so count=2 or count=17 could be for either #28 or #26 ",0,,
LR,7,27,LR27,28-Apr,19-May,02-Aug,02-Aug,02-Aug,02-Aug,75,75,28-Apr,19-May,31-May,31-May,31-May,31-May,12,12,19-May,29-May,29-May,10,0,2,"female barely alive but still twitching on May 30; male: dark red eyes, very shrivelled",0,,,,,,,,,,,,,,,,0,0,11,0,,0,,,0,,,,,,,,,,,,,,,,,,,,,0,,,,,,,,,,,,,,,,,,,,,,,,,,,,11,0,0,,
LR,7,28,LR28,28-Apr,19-May,squished 19-Jun,squished 19-Jun,squished 19-Jun,squished 19-Jun,#VALUE!,#VALUE!,28-Apr,19-May,06-Jul,06-Jul,06-Jul,06-Jul,48,48,19-May,26-May,04-Jul,7,39,2,"female: dark red eyes, shrivelled-fresh",0,,,,,,,,,,,,,,,,0,14,11,0,,2,29,,8,12,16,14,5,19,10,,9,11,,6,8,6,,0,,,,,,,,,,,,,,,,,,,,,,,,,,,,,,,,,,180,"May 31 - Jun 2 there were 2 #28 beans and no #26 bean, so count=2 or count=17 could be for either #28 or #26 ",0,,
LR,7,29,LR29,28-Apr,19-May,8-10 Jul,07-Jul,08-Jul,10-Jul,50.5,52,26-Apr,19-May,Jul 22-24,21-Jul,22-Jul,24-Jul,64.5,66,19-May,26-May,17-Jul,7,52,7,"male: black eyes, shrivelled-fresh; female: dark red eyes, shrivelled-fresh",0,,,,,,,,,,,,,,,,0,23,20,10,,16,25,,1,8,11,2,4,9,11,,3,14,,2,0,0,,,0,0,,0,,,2,,0,,0,0,,,,,,,,,,,,,,,,,,,,,,161,Jul 15-17 eggs both had plugs popped and had browned,0,,
LR,7,30,LR30,28-Apr,19-May,18-Jul,18-Jul,18-Jul,18-Jul,60,60,26-Apr,19-May,8-10 Jul,07-Jul,08-Jul,10-Jul,50.5,52,19-May,26-May,04-Jul,7,39,6,"male: black eyes, very shrivelled",0,,,,,,,,,,,,,,,,0,1,25,11,,15,18,,7,6,17,10,11,21,9,,8,5,,0,8,1,,,0,0,,,,,,,,,,,,,,,,,,,,,,,,,,,,,,,,173,"May 31- Jun 2 there were 2 beans ""#30"" but one was count=0  so it is likely that the #30 was 'pulled' twice",0,,
LR,7,31,LR31,28-Apr,19-May,02-Aug,02-Aug,02-Aug,02-Aug,75,75,28-Apr,19-May,25-Jul,25-Jul,25-Jul,25-Jul,67,67,19-May,26-May,04-Jul,7,39,21,"female: dark red eyes, shrivelled; male: dark red eyes, very shrivelled",0,,,,,,,,,,,,,,,,0,6,3,4,,11,15,,12,13,15,13,14,14,14,,13,13,,11,5,10,,,0,0,,0,,0,0,,0,,0,0,,0,,,,,,,,,,,,,,,,,,,,186,0,0,,
LR,7,32,LR32,28-Apr,19-May,Jul 22-24,21-Jul,22-Jul,24-Jul,64.5,66,28-Apr,19-May,17-19 Jun,16-Jun,17-Jun,19-Jun,29.5,31,19-May,26-May,14-Jun,7,19,5,"female: black eyes, shrivelled; male: black eyes, very shrivelled",0,,,,,,,,,,,,,,,,0,12,15,6,,9,13,,9,7,6,4,0,0,,,,,,,,,,,,,,,,,,,,,,,,,,,,,,,,,,,,,,,,,,,,81,0,0,,
LR,7,33,LR33,28-Apr,19-May,27-Jul,27-Jul,27-Jul,27-Jul,69,69,28-Apr,19-May,Jul 15-17,14-Jul,15-Jul,17-Jul,57.5,59,19-May,29-May,10-Jul,10,42,7,"female: black eyes, shrivelled; male: black eyes, shrivelled",0,,,,,,,,,,,,,,,,0,0,4,2,,11,18,,5,16,18,10,12,18,16,,12,15,,7,0,14,,,5,9,,0,,0,0,,,,,,,,,,,,,,,,,,,,,,,,,,,192,0,0,,
LR,7,34,LR34,28-Apr,19-May,Jul 15-17,14-Jul,15-Jul,17-Jul,57.5,59,28-Apr,19-May,13-Jul,13-Jul,13-Jul,13-Jul,55,55,19-May,26-May,12-Jul,7,47,1,"female: dark red eyes, shrivelled; male: black eyes, very shrivelled",0,,,,,,,,,,,,,,,,0,5,26,6,,17,23,,5,4,21,15,10,10,8,,13,6,,0,4,9,,,5,0,,1,,,0,,,,,,,,,,,,,,,,,,,,,,,,,,,188,0,0,,
LR,7,35,LR35,28-Apr,19-May,27-Jul,27-Jul,27-Jul,27-Jul,69,69,28-Apr,19-May,08-Jun,08-Jun,08-Jun,08-Jun,20,20,19-May,23-May,09-Jun,4,17,-1,"female: red eyes, fresh; male: dark red eyes, shrivelled",0,,,,,,,,,,,,,,,,2,16,5,4,,10,1,,3,3,,,,,,,,,,,,,,,,,,,,,,,,,,,,,,,,,,,,,,,,,,,,,,,,44,0,0,,
LR,7,36,LR36,28-Apr,19-May,26-Jul,26-Jul,26-Jul,26-Jul,68,68,28-Apr,19-May,16-Jun,16-Jun,16-Jun,16-Jun,28,28,19-May,26-May,16-Jun,7,21,0,"male: balck eyes, shrivelled",0,,,,,,,,,,,,,,,,0,21,12,7,,13,13,,12,8,15,8,2,0,0,,,,,,,,,,,,,,,,,,,,,,,,,,,,,,,,,,,,,,,,,,,111,"Jun 16-19 was originally written as #37 but there was no #36 and at that time #37 was male only and had been for a few days, so it was likely written as #37 by mistake when it should actually be #36, as entered into this data sheet",0,,
LR,7,37,LR37,28-Apr,19-May,26-28 Aug,25-Aug,26-Aug,28-Aug,99.5,101,28-Apr,19-May,15-Jun,15-Jun,15-Jun,15-Jun,27,27,19-May,23-May,07-Jun,4,15,8,"female: dark red eyes, fresh-shrivelled; male: black eyes, very shrivelled",0,,,,,,,,,,,,,,,,3,7,17,5,,9,0,,1,0,0,0,,,,,,,,,,,,,,,,,,,,,,,,,,,,,,,,,,,,,,,,,,,,,,42,0,0,,
LR,7,38,LR38,01-May,19-May,26-28 Aug,25-Aug,26-Aug,28-Aug,99.5,101,28-Apr,19-May,27-Jul,27-Jul,27-Jul,27-Jul,69,69,19-May,29-May,10-Jul,10,42,17,"female: black eyes, shrivelled; male: black eyes, very shrivelled",0,,,,,,,,,,,,,,,,0,0,8,4,,7,0,,3,9,22,15,15,8,11,,13,16,,16,8,21,,,12,6,,0,,0,0,,0,,0,0,,0,,0,,,,,,,,,,,,,,,,,,194,0,0,,
,,,,,,,,,,,,,,,,,,,,,,,,,,,,,,,,,,,,,,,,,,,,,,,,,,,,,,,,,,,,,,,,,,,,,,,,,,,,,,,,,,,,,,,,,,,,,,,,,,,,,,,,
,,,,,,,,,,,,,,,,,,,,,,,,,,,,,,,,,,,,,,,,,,,,,,,,,,,,,,,,,,,,,,,,,,,,,,,,,,,,,,,,,,,,,,,,,,,,,,,,,,,,,,,,
